"scenario","pve","method","target_fdr","threshold","empirical_fdr","power","tp","fp"
"Additive + dominant",0.1,"SuSiE",0.1,0.965,0.0985915492957746,0.00800100012501563,128,14
"Additive + dominant",0.1,"SuSiE-mix",0.1,0.998920224837672,0.0689655172413793,0.00168771096387048,27,2
"Additive + recessive",0.1,"SuSiE",0.1,0.971,0.0833333333333333,0.0034375,55,5
"Additive + recessive",0.1,"SuSiE-mix",0.1,0.931,0.0982658959537572,0.00975,156,17
"Additive + recessive + dominant",0.1,"SuSiE",0.1,0.972,0.0882352941176471,0.00172222222222222,31,3
"Additive + recessive + dominant",0.1,"SuSiE-mix",0.1,0.94,0.0964912280701754,0.00572222222222222,103,11
"Additive only",0.1,"SuSiE",0.1,0.88,0.0969162995594714,0.0341780593531177,205,22
"Additive only",0.1,"SuSiE-mix",0.1,0.892,0.0995024875621891,0.0301767255751917,181,20
"Dominant only",0.1,"SuSiE",0.1,0.893,0.0993788819875776,0.0241747249083028,145,16
"Dominant only",0.1,"SuSiE-mix",0.1,0.816,0.0979591836734694,0.0368456152050684,221,24
"Recessive + dominant",0.1,"SuSiE",0.1,0.959,0.0909090909090909,0.0025,40,4
"Recessive + dominant",0.1,"SuSiE-mix",0.1,0.814,0.0996563573883162,0.016375,262,29
"Recessive only",0.1,"SuSiE",0.1,0.987,0.0909090909090909,0.00166666666666667,10,1
"Recessive only",0.1,"SuSiE-mix",0.1,0.666,0.0986842105263158,0.0456666666666667,274,30
"Additive + dominant",0.2,"SuSiE",0.1,0.849,0.0991596638655462,0.0670083760470059,1072,118
"Additive + dominant",0.2,"SuSiE-mix",0.1,0.803,0.0998659517426273,0.0839479934991874,1343,149
"Additive + recessive",0.2,"SuSiE",0.1,0.898,0.098993288590604,0.0335625,537,59
"Additive + recessive",0.2,"SuSiE-mix",0.1,0.711,0.0996602491506229,0.099375,1590,176
"Additive + recessive + dominant",0.2,"SuSiE",0.1,0.915,0.0986460348162476,0.0258888888888889,466,51
"Additive + recessive + dominant",0.2,"SuSiE-mix",0.1,0.756,0.0998702983138781,0.0771111111111111,1388,154
"Additive only",0.2,"SuSiE",0.1,0.801,0.0994694960212202,0.113204401467156,679,75
"Additive only",0.2,"SuSiE-mix",0.1,0.771,0.0994764397905759,0.114704901633878,688,76
"Dominant only",0.2,"SuSiE",0.1,0.798,0.0996784565916399,0.0933644548182728,560,62
"Dominant only",0.2,"SuSiE-mix",0.1,0.714,0.0998902305159166,0.136712237412471,820,91
"Recessive + dominant",0.2,"SuSiE",0.1,0.896,0.0995850622406639,0.027125,434,48
"Recessive + dominant",0.2,"SuSiE-mix",0.1,0.715,0.099507927829415,0.1029375,1647,182
"Recessive only",0.2,"SuSiE",0.1,0.978,0.0958904109589041,0.011,66,7
"Recessive only",0.2,"SuSiE-mix",0.1,0.616,0.098825831702544,0.1535,921,101
"Additive + dominant",0.3,"SuSiE",0.1,0.803,0.0994219653179191,0.146080760095012,2337,258
"Additive + dominant",0.3,"SuSiE-mix",0.1,0.737,0.0998735777496839,0.178022252781598,2848,316
"Additive + recessive",0.3,"SuSiE",0.1,0.872,0.0996978851963746,0.0745,1192,132
"Additive + recessive",0.3,"SuSiE-mix",0.1,0.654,0.0997449702465288,0.1985625,3177,352
"Additive + recessive + dominant",0.3,"SuSiE",0.1,0.851,0.0989966555183946,0.0748333333333333,1347,148
"Additive + recessive + dominant",0.3,"SuSiE-mix",0.1,0.691,0.0997405592389738,0.1735,3123,346
"Additive only",0.3,"SuSiE",0.1,0.749,0.0997088791848617,0.206235411803935,1237,137
"Additive only",0.3,"SuSiE-mix",0.1,0.742,0.099702380952381,0.201733911303768,1210,134
"Dominant only",0.3,"SuSiE",0.1,0.776,0.1,0.165055018339446,990,110
"Dominant only",0.3,"SuSiE-mix",0.1,0.654,0.0983072916666667,0.230910303434478,1385,151
"Recessive + dominant",0.3,"SuSiE",0.1,0.855,0.099581589958159,0.06725,1076,119
"Recessive + dominant",0.3,"SuSiE-mix",0.1,0.653,0.1,0.201375,3222,358
"Recessive only",0.3,"SuSiE",0.1,0.874,0.0993377483443709,0.0453333333333333,272,30
"Recessive only",0.3,"SuSiE-mix",0.1,0.538,0.099290780141844,0.254,1524,168
"Additive + dominant",0.4,"SuSiE",0.1,0.785,0.0991913746630728,0.20890111263908,3342,368
"Additive + dominant",0.4,"SuSiE-mix",0.1,0.684,0.0999776336390069,0.251531441430179,4024,447
"Additive + recessive",0.4,"SuSiE",0.1,0.817,0.0994178235557546,0.1256875,2011,222
"Additive + recessive",0.4,"SuSiE-mix",0.1,0.625,0.0996380668511816,0.2643125,4229,468
"Additive + recessive + dominant",0.4,"SuSiE",0.1,0.858,0.0997830802603037,0.115277777777778,2075,230
"Additive + recessive + dominant",0.4,"SuSiE-mix",0.1,0.652,0.0999192571659265,0.247722222222222,4459,495
"Additive only",0.4,"SuSiE",0.1,0.711,0.0998326826547686,0.269089696565522,1614,179
"Additive only",0.4,"SuSiE-mix",0.1,0.714,0.0993227990970655,0.266088696232077,1596,176
"Dominant only",0.4,"SuSiE",0.1,0.792,0.0995228357191547,0.220240080026676,1321,146
"Dominant only",0.4,"SuSiE-mix",0.1,0.602,0.099112426035503,0.304601533844615,1827,201
"Recessive + dominant",0.4,"SuSiE",0.1,0.895,0.0997596153846154,0.093625,1498,166
"Recessive + dominant",0.4,"SuSiE-mix",0.1,0.578,0.0998196031268791,0.2806875,4491,498
"Recessive only",0.4,"SuSiE",0.1,0.947,0.0992555831265509,0.0605,363,40
"Recessive only",0.4,"SuSiE-mix",0.1,0.502,0.098747591522158,0.311833333333333,1871,205
