gene,tissue,expected_coding,status,message,mixed_fit_name,additive_n_cs,additive_cs_name,additive_component_index,additive_lead_predictor_index,additive_lead_predictor,additive_lead_snp,additive_lead_coding,additive_lead_pip,additive_cs_size,additive_lead_selection,additive_n_genotype_0,additive_n_genotype_1,additive_n_genotype_2,same_lead_snp,lead_comparison,log_lik_add,log_lik_mix,likelihood_statistic,n_cs,cs_name,component_index,lead_predictor_index,lead_predictor,lead_snp,lead_coding,lead_pip,cs_size,n_genotype_0,n_genotype_1,n_genotype_2,output_file
LGALS9C,Spleen,recessive,plotted,Four-panel SuSiE / EM 12 SuSiE-mix comparison created,weighted_fit_mix,1,L1,1,796,chr17_18572316_T_C_b38_T,chr17_18572316_T_C_b38_T,additive,0.183377302855968,12,Single credible-set lead,48,70,28,FALSE,"Different lead SNP (66.146 kb apart, GRCh38); coding change: additive -> recessive",-184.415776391289,-178.599440125864,11.6326725308489,1,L1,1,2294,chr17_18638462_A_G_b38_A__recessive,chr17_18638462_A_G_b38_A,recessive,0.0936210078713665,22,48,69,29,/project2/mstephens/wdenault/susie_mix/results_em/iteration_012/plot/one_cs_recessive/expression/LGALS9C_Spleen_add_vs_mix.png
HLA-DQB2,Prostate,recessive,plotted,Four-panel SuSiE / EM 12 SuSiE-mix comparison created,weighted_fit_mix,1,L1,1,5294,chr6_32643948_A_G_b38_A,chr6_32643948_A_G_b38_A,additive,0.0365505370640177,137,Single credible-set lead,40,76,27,FALSE,"Different lead SNP (10.448 kb apart, GRCh38); coding change: additive -> recessive",-174.230636051152,-173.486429150661,1.4884138009819,1,L1,1,14973,chr6_32654396_T_C_b38_T__recessive,chr6_32654396_T_C_b38_T,recessive,0.0323515522152318,250,43,69,31,/project2/mstephens/wdenault/susie_mix/results_em/iteration_012/plot/one_cs_recessive/expression/HLA-DQB2_Prostate_add_vs_mix.png
LIPG,Muscle,recessive,plotted,Four-panel SuSiE / EM 12 SuSiE-mix comparison created,weighted_fit_mix,1,L1,1,1337,chr18_49654294_A_G_b38_A,chr18_49654294_A_G_b38_A,additive,0.0777133633939278,23,Single credible-set lead,302,153,22,FALSE,"Different lead SNP (6.996 kb apart, GRCh38); coding change: additive -> recessive",-661.513615405873,-656.74114654824,9.54493771526518,1,L1,1,3280,chr18_49647298_G_C_b38_G__recessive,chr18_49647298_G_C_b38_G,recessive,0.0399542212037443,39,301,154,22,/project2/mstephens/wdenault/susie_mix/results_em/iteration_012/plot/one_cs_recessive/expression/LIPG_Muscle_add_vs_mix.png
HPD,Blood,recessive,plotted,Four-panel SuSiE / EM 12 SuSiE-mix comparison created,weighted_fit_mix,1,L1,1,773,chr12_121856099_G_A_b38_G,chr12_121856099_G_A_b38_G,additive,0.239141915834094,8,Single credible-set lead,118,219,98,FALSE,"Different lead SNP (2.56 kb apart, GRCh38); coding change: additive -> recessive",-601.112471355551,-595.509207718338,11.2065272744264,1,L1,1,2220,chr12_121853539_G_A_b38_G__recessive,chr12_121853539_G_A_b38_G,recessive,0.198810907710264,14,117,221,97,/project2/mstephens/wdenault/susie_mix/results_em/iteration_012/plot/one_cs_recessive/expression/HPD_Blood_add_vs_mix.png
METTL7B,Blood,recessive,plotted,Four-panel SuSiE / EM 12 SuSiE-mix comparison created,weighted_fit_mix,1,L1,1,1136,chr12_55676884_C_T_b38_C,chr12_55676884_C_T_b38_C,additive,0.464080098750711,5,Single credible-set lead,247,152,36,FALSE,"Different lead SNP (1.53 kb apart, GRCh38); coding change: additive -> recessive",-601.155146156639,-592.901803232745,16.506685847789,1,L1,1,2432,chr12_55675354_C_T_b38_C__recessive,chr12_55675354_C_T_b38_C,recessive,0.333983175176473,4,239,157,39,/project2/mstephens/wdenault/susie_mix/results_em/iteration_012/plot/one_cs_recessive/expression/METTL7B_Blood_add_vs_mix.png
DNAH11,Skin,recessive,plotted,Four-panel SuSiE / EM 12 SuSiE-mix comparison created,weighted_fit_mix,1,L1,1,1382,chr7_21545202_A_G_b38_A,chr7_21545202_A_G_b38_A,additive,0.0945261574448292,18,Single credible-set lead,143,272,107,FALSE,"Different lead SNP (1.301 kb apart, GRCh38); coding change: additive -> recessive",-722.274947265086,-711.830098964818,20.8896966005364,1,L1,1,4258,chr7_21543901_C_A_b38_C__recessive,chr7_21543901_C_A_b38_C,recessive,0.0806987188088768,15,142,273,107,/project2/mstephens/wdenault/susie_mix/results_em/iteration_012/plot/one_cs_recessive/expression/DNAH11_Skin_add_vs_mix.png
CYP4F11,Small Intestine,recessive,plotted,Four-panel SuSiE / EM 12 SuSiE-mix comparison created,weighted_fit_mix,1,L1,1,2239,chr19_15934939_G_A_b38_G,chr19_15934939_G_A_b38_G,additive,0.662440341744167,27,Single credible-set lead,39,56,20,FALSE,"Different lead SNP (901 bp apart, GRCh38); coding change: additive -> recessive",-147.142099574054,-141.294582377952,11.6950343922021,1,L1,1,5062,chr19_15935840_C_A_b38_C__recessive,chr19_15935840_C_A_b38_C,recessive,0.389516552500786,10,47,51,17,/project2/mstephens/wdenault/susie_mix/results_em/iteration_012/plot/one_cs_recessive/expression/CYP4F11_Small_Intestine_add_vs_mix.png
CDRT4,Esophagus,recessive,plotted,Four-panel SuSiE / EM 12 SuSiE-mix comparison created,weighted_fit_mix,1,L1,1,1309,chr17_15540428_C_G_b38_C,chr17_15540428_C_G_b38_C,additive,0.193500139578868,25,Single credible-set lead,171,184,57,TRUE,Same lead SNP; coding change only: additive -> recessive,-567.774888502791,-557.93592565347,19.6779256986429,1,L1,1,3323,chr17_15540428_C_G_b38_C__recessive,chr17_15540428_C_G_b38_C,recessive,0.429423420826263,10,171,184,57,/project2/mstephens/wdenault/susie_mix/results_em/iteration_012/plot/one_cs_recessive/expression/CDRT4_Esophagus_add_vs_mix.png
RGS11,Blood Vessel,recessive,plotted,Four-panel SuSiE / EM 12 SuSiE-mix comparison created,weighted_fit_mix,1,L1,1,472,chr16_276040_A_T_b38_A,chr16_276040_A_T_b38_A,additive,0.993884014383293,1,Single credible-set lead,156,207,87,TRUE,Same lead SNP; coding change only: additive -> recessive,-618.701301100907,-607.761238308998,21.8801255838166,1,L1,1,2041,chr16_276040_A_T_b38_A__recessive,chr16_276040_A_T_b38_A,recessive,0.997321263649352,1,156,207,87,/project2/mstephens/wdenault/susie_mix/results_em/iteration_012/plot/one_cs_recessive/expression/RGS11_Blood_Vessel_add_vs_mix.png
SAPCD2,Blood,recessive,plotted,Four-panel SuSiE / EM 12 SuSiE-mix comparison created,weighted_fit_mix,1,L1,1,993,chr9_137074745_G_C_b38_G,chr9_137074745_G_C_b38_G,additive,0.337844348058734,4,Single credible-set lead,207,174,54,TRUE,Same lead SNP; coding change only: additive -> recessive,-571.889256098531,-565.942027999405,11.8944561982503,1,L1,1,2640,chr9_137074745_G_C_b38_G__recessive,chr9_137074745_G_C_b38_G,recessive,0.363581558786161,6,207,174,54,/project2/mstephens/wdenault/susie_mix/results_em/iteration_012/plot/one_cs_recessive/expression/SAPCD2_Blood_add_vs_mix.png
SSC4D,Ovary,recessive,plotted,Four-panel SuSiE / EM 12 SuSiE-mix comparison created,weighted_fit_mix,1,L1,1,775,chr7_76384398_C_T_b38_C,chr7_76384398_C_T_b38_C,additive,0.208013090097957,27,Single credible-set lead,34,51,21,TRUE,Same lead SNP; coding change only: additive -> recessive,-135.706672137661,-133.478217838151,4.45690859901976,1,L1,1,2305,chr7_76384398_C_T_b38_C__recessive,chr7_76384398_C_T_b38_C,recessive,0.178011042065082,24,34,51,21,/project2/mstephens/wdenault/susie_mix/results_em/iteration_012/plot/one_cs_recessive/expression/SSC4D_Ovary_add_vs_mix.png
UGT2B17,Colon,recessive,plotted,Four-panel SuSiE / EM 12 SuSiE-mix comparison created,weighted_fit_mix,1,L1,1,908,chr4_68625465_G_T_b38_G,chr4_68625465_G_T_b38_G,additive,0.961879615710029,1,Single credible-set lead,161,139,32,TRUE,Same lead SNP; coding change only: additive -> recessive,-440.876811680354,-432.459040119341,16.8355431220244,1,L1,1,3082,chr4_68625465_G_T_b38_G__recessive,chr4_68625465_G_T_b38_G,recessive,0.978701712524929,1,161,139,32,/project2/mstephens/wdenault/susie_mix/results_em/iteration_012/plot/one_cs_recessive/expression/UGT2B17_Colon_add_vs_mix.png
