"gene","tissue","issue","message"
"ABCB7","","gene_error","PLINK failed for ABCB7 on chromosome X with exit status 7"
"ABCD1","","gene_error","PLINK failed for ABCD1 on chromosome X with exit status 7"
"ACE2","","gene_error","PLINK failed for ACE2 on chromosome X with exit status 7"
"ACOT9","","gene_error","PLINK failed for ACOT9 on chromosome X with exit status 7"
"ACSL4","","gene_error","PLINK failed for ACSL4 on chromosome X with exit status 7"
"ACTRT1","","gene_error","PLINK failed for ACTRT1 on chromosome X with exit status 7"
"ADGRG2","","gene_error","PLINK failed for ADGRG2 on chromosome X with exit status 7"
"ADGRG4","","gene_error","PLINK failed for ADGRG4 on chromosome X with exit status 7"
"AFF2","","gene_error","PLINK failed for AFF2 on chromosome X with exit status 7"
"AGTR2","","gene_error","PLINK failed for AGTR2 on chromosome X with exit status 7"
"AIFM1","","gene_error","PLINK failed for AIFM1 on chromosome X with exit status 7"
"AKAP14","","gene_error","PLINK failed for AKAP14 on chromosome X with exit status 7"
"AKAP17A","","gene_error","PLINK failed for AKAP17A on chromosome X with exit status 7"
"AKAP4","","gene_error","PLINK failed for AKAP4 on chromosome X with exit status 7"
"ALAS2","","gene_error","PLINK failed for ALAS2 on chromosome X with exit status 7"
"ALG13","","gene_error","PLINK failed for ALG13 on chromosome X with exit status 7"
"AMELX","","gene_error","PLINK failed for AMELX on chromosome X with exit status 7"
"AMELY","","gene_error","PLINK failed for AMELY on chromosome Y with exit status 7"
"AMER1","","gene_error","PLINK failed for AMER1 on chromosome X with exit status 7"
"AMIGO3","","no_successful_tissues","No tissue fits in result"
"AMMECR1","","gene_error","PLINK failed for AMMECR1 on chromosome X with exit status 7"
"AMOT","","gene_error","PLINK failed for AMOT on chromosome X with exit status 7"
"ANOS1","","gene_error","PLINK failed for ANOS1 on chromosome X with exit status 7"
"AP1S2","","gene_error","PLINK failed for AP1S2 on chromosome X with exit status 7"
"APEX2","","gene_error","PLINK failed for APEX2 on chromosome X with exit status 7"
"APLN","","gene_error","PLINK failed for APLN on chromosome X with exit status 7"
"APOO","","gene_error","PLINK failed for APOO on chromosome X with exit status 7"
"APOOL","","gene_error","PLINK failed for APOOL on chromosome X with exit status 7"
"AR","","gene_error","PLINK failed for AR on chromosome X with exit status 7"
"ARAF","","gene_error","PLINK failed for ARAF on chromosome X with exit status 7"
"ARHGAP36","","gene_error","PLINK failed for ARHGAP36 on chromosome X with exit status 7"
"ARHGAP4","","gene_error","PLINK failed for ARHGAP4 on chromosome X with exit status 7"
"ARHGAP6","","gene_error","PLINK failed for ARHGAP6 on chromosome X with exit status 7"
"ARHGEF6","","gene_error","PLINK failed for ARHGEF6 on chromosome X with exit status 7"
"ARHGEF9","","gene_error","PLINK failed for ARHGEF9 on chromosome X with exit status 7"
"ARL13A","","gene_error","PLINK failed for ARL13A on chromosome X with exit status 7"
"ARMCX1","","gene_error","PLINK failed for ARMCX1 on chromosome X with exit status 7"
"ARMCX2","","gene_error","PLINK failed for ARMCX2 on chromosome X with exit status 7"
"ARMCX3","","gene_error","PLINK failed for ARMCX3 on chromosome X with exit status 7"
"ARMCX4","","gene_error","PLINK failed for ARMCX4 on chromosome X with exit status 7"
"ARMCX5-GPRASP2","","gene_error","PLINK failed for ARMCX5-GPRASP2 on chromosome X with exit status 7"
"ARMCX5","","gene_error","PLINK failed for ARMCX5 on chromosome X with exit status 7"
"ARMCX6","","gene_error","PLINK failed for ARMCX6 on chromosome X with exit status 7"
"ARR3","","gene_error","PLINK failed for ARR3 on chromosome X with exit status 7"
"ARSD","","gene_error","PLINK failed for ARSD on chromosome X with exit status 7"
"ARSF","","gene_error","PLINK failed for ARSF on chromosome X with exit status 7"
"ARSH","","gene_error","PLINK failed for ARSH on chromosome X with exit status 7"
"ARX","","gene_error","PLINK failed for ARX on chromosome X with exit status 7"
"ASB11","","gene_error","PLINK failed for ASB11 on chromosome X with exit status 7"
"ASB12","","gene_error","PLINK failed for ASB12 on chromosome X with exit status 7"
"ASB9","","gene_error","PLINK failed for ASB9 on chromosome X with exit status 7"
"ASMT","","gene_error","PLINK failed for ASMT on chromosome X with exit status 7"
"ASMTL","","gene_error","PLINK failed for ASMTL on chromosome X with exit status 7"
"ATG4A","","gene_error","PLINK failed for ATG4A on chromosome X with exit status 7"
"ATP11C","","gene_error","PLINK failed for ATP11C on chromosome X with exit status 7"
"ATP1B4","","gene_error","PLINK failed for ATP1B4 on chromosome X with exit status 7"
"ATP2B3","","gene_error","PLINK failed for ATP2B3 on chromosome X with exit status 7"
"ATP6AP1","","gene_error","PLINK failed for ATP6AP1 on chromosome X with exit status 7"
"ATP6AP2","","gene_error","PLINK failed for ATP6AP2 on chromosome X with exit status 7"
"ATP7A","","gene_error","PLINK failed for ATP7A on chromosome X with exit status 7"
"ATRX","","gene_error","PLINK failed for ATRX on chromosome X with exit status 7"
"ATXN3L","","gene_error","PLINK failed for ATXN3L on chromosome X with exit status 7"
"AVPR2","","gene_error","PLINK failed for AVPR2 on chromosome X with exit status 7"
"AWAT1","","gene_error","PLINK failed for AWAT1 on chromosome X with exit status 7"
"AWAT2","","gene_error","PLINK failed for AWAT2 on chromosome X with exit status 7"
"BCAP31","","gene_error","PLINK failed for BCAP31 on chromosome X with exit status 7"
"BCOR","","gene_error","PLINK failed for BCOR on chromosome X with exit status 7"
"BCORL1","","gene_error","PLINK failed for BCORL1 on chromosome X with exit status 7"
"BEND2","","gene_error","PLINK failed for BEND2 on chromosome X with exit status 7"
"BEX1","","gene_error","PLINK failed for BEX1 on chromosome X with exit status 7"
"BEX2","","gene_error","PLINK failed for BEX2 on chromosome X with exit status 7"
"BEX3","","gene_error","PLINK failed for BEX3 on chromosome X with exit status 7"
"BEX4","","gene_error","PLINK failed for BEX4 on chromosome X with exit status 7"
"BEX5","","gene_error","PLINK failed for BEX5 on chromosome X with exit status 7"
"BGN","","gene_error","PLINK failed for BGN on chromosome X with exit status 7"
"BHLHB9","","gene_error","PLINK failed for BHLHB9 on chromosome X with exit status 7"
"BMP15","","gene_error","PLINK failed for BMP15 on chromosome X with exit status 7"
"BMX","","gene_error","PLINK failed for BMX on chromosome X with exit status 7"
"BPY2","","gene_error","PLINK failed for BPY2 on chromosome Y with exit status 7"
"BPY2B","","gene_error","PLINK failed for BPY2B on chromosome Y with exit status 7"
"BPY2C","","gene_error","PLINK failed for BPY2C on chromosome Y with exit status 7"
"BRCC3","","gene_error","PLINK failed for BRCC3 on chromosome X with exit status 7"
"BRS3","","gene_error","PLINK failed for BRS3 on chromosome X with exit status 7"
"BRWD3","","gene_error","PLINK failed for BRWD3 on chromosome X with exit status 7"
"BTK","","gene_error","PLINK failed for BTK on chromosome X with exit status 7"
"C1GALT1C1","","gene_error","PLINK failed for C1GALT1C1 on chromosome X with exit status 7"
"CA5B","","gene_error","PLINK failed for CA5B on chromosome X with exit status 7"
"CACNA1F","","gene_error","PLINK failed for CACNA1F on chromosome X with exit status 7"
"CAPN6","","gene_error","PLINK failed for CAPN6 on chromosome X with exit status 7"
"CASK","","gene_error","PLINK failed for CASK on chromosome X with exit status 7"
"CBY1","","gene_error","PLINK failed for CBY1 on chromosome 22 with exit status 127"
"CCDC120","","gene_error","PLINK failed for CCDC120 on chromosome X with exit status 7"
"CCDC124","","gene_error","PLINK failed for CCDC124 on chromosome 19 with exit status 127"
"CCDC125","","gene_error","PLINK failed for CCDC125 on chromosome 5 with exit status 127"
"CCDC127","","gene_error","PLINK failed for CCDC127 on chromosome 5 with exit status 127"
"CCDC160","","gene_error","PLINK failed for CCDC160 on chromosome X with exit status 7"
"CCDC166","","gene_error","PLINK failed for CCDC166 on chromosome 8 with exit status 127"
"CCDC167","","gene_error","PLINK failed for CCDC167 on chromosome 6 with exit status 127"
"CCDC168","","gene_error","PLINK failed for CCDC168 on chromosome 13 with exit status 127"
"CCDC169","","gene_error","PLINK failed for CCDC169 on chromosome 13 with exit status 127"
"CCDC178","","gene_error","PLINK failed for CCDC178 on chromosome 18 with exit status 127"
"CCDC181","","gene_error","PLINK failed for CCDC181 on chromosome 1 with exit status 127"
"CCDC184","","gene_error","PLINK failed for CCDC184 on chromosome 12 with exit status 127"
"CCDC186","","gene_error","PLINK failed for CCDC186 on chromosome 10 with exit status 127"
"CCDC187","","gene_error","PLINK failed for CCDC187 on chromosome 9 with exit status 127"
"CCDC191","","gene_error","PLINK failed for CCDC191 on chromosome 3 with exit status 127"
"CCDC22","","gene_error","PLINK failed for CCDC22 on chromosome X with exit status 7"
"CCDC25","","gene_error","PLINK failed for CCDC25 on chromosome 8 with exit status 127"
"CCDC27","","gene_error","PLINK failed for CCDC27 on chromosome 1 with exit status 127"
"CCDC28B","","gene_error","PLINK failed for CCDC28B on chromosome 1 with exit status 127"
"CCNB3","","gene_error","PLINK failed for CCNB3 on chromosome X with exit status 7"
"CD40LG","","gene_error","PLINK failed for CD40LG on chromosome X with exit status 7"
"CD99","","gene_error","PLINK failed for CD99 on chromosome X with exit status 7"
"CD99L2","","gene_error","PLINK failed for CD99L2 on chromosome X with exit status 7"
"CDK16","","gene_error","PLINK failed for CDK16 on chromosome X with exit status 7"
"CDKL5","","gene_error","PLINK failed for CDKL5 on chromosome X with exit status 7"
"CDR1","","gene_error","PLINK failed for CDR1 on chromosome X with exit status 7"
"CDX4","","gene_error","PLINK failed for CDX4 on chromosome X with exit status 7"
"CDY1","","gene_error","PLINK failed for CDY1 on chromosome Y with exit status 7"
"CDY1B","","gene_error","PLINK failed for CDY1B on chromosome Y with exit status 7"
"CDY2A","","gene_error","PLINK failed for CDY2A on chromosome Y with exit status 7"
"CDY2B","","gene_error","PLINK failed for CDY2B on chromosome Y with exit status 7"
"CENPI","","gene_error","PLINK failed for CENPI on chromosome X with exit status 7"
"CENPVL1","","gene_error","PLINK failed for CENPVL1 on chromosome X with exit status 7"
"CENPVL2","","gene_error","PLINK failed for CENPVL2 on chromosome X with exit status 7"
"CENPVL3","","gene_error","PLINK failed for CENPVL3 on chromosome X with exit status 7"
"CETN2","","gene_error","PLINK failed for CETN2 on chromosome X with exit status 7"
"CFAP47","","gene_error","PLINK failed for CFAP47 on chromosome X with exit status 7"
"CFP","","gene_error","PLINK failed for CFP on chromosome X with exit status 7"
"CHIC1","","gene_error","PLINK failed for CHIC1 on chromosome X with exit status 7"
"CHM","","gene_error","PLINK failed for CHM on chromosome X with exit status 7"
"CHRDL1","","gene_error","PLINK failed for CHRDL1 on chromosome X with exit status 7"
"CHST7","","gene_error","PLINK failed for CHST7 on chromosome X with exit status 7"
"CITED1","","gene_error","PLINK failed for CITED1 on chromosome X with exit status 7"
"CLCN4","","gene_error","PLINK failed for CLCN4 on chromosome X with exit status 7"
"CLCN5","","gene_error","PLINK failed for CLCN5 on chromosome X with exit status 7"
"CLDN2","","gene_error","PLINK failed for CLDN2 on chromosome X with exit status 7"
"CLDN34","","gene_error","PLINK failed for CLDN34 on chromosome X with exit status 7"
"CLIC2","","gene_error","PLINK failed for CLIC2 on chromosome X with exit status 7"
"CNGA2","","gene_error","PLINK failed for CNGA2 on chromosome X with exit status 7"
"CNKSR2","","gene_error","PLINK failed for CNKSR2 on chromosome X with exit status 7"
"COL4A5","","gene_error","PLINK failed for COL4A5 on chromosome X with exit status 7"
"COL4A6","","gene_error","PLINK failed for COL4A6 on chromosome X with exit status 7"
"COX7B","","gene_error","PLINK failed for COX7B on chromosome X with exit status 7"
"CPXCR1","","gene_error","PLINK failed for CPXCR1 on chromosome X with exit status 7"
"CRLF2","","gene_error","PLINK failed for CRLF2 on chromosome X with exit status 7"
"CSAG1","","gene_error","PLINK failed for CSAG1 on chromosome X with exit status 7"
"CSAG2","","gene_error","PLINK failed for CSAG2 on chromosome X with exit status 7"
"CSAG3","","gene_error","PLINK failed for CSAG3 on chromosome X with exit status 7"
"CSF2RA","","gene_error","PLINK failed for CSF2RA on chromosome X with exit status 7"
"CSTF2","","gene_error","PLINK failed for CSTF2 on chromosome X with exit status 7"
"CT45A1","","gene_error","PLINK failed for CT45A1 on chromosome X with exit status 7"
"CT45A10","","gene_error","PLINK failed for CT45A10 on chromosome X with exit status 7"
"CT45A2","","gene_error","PLINK failed for CT45A2 on chromosome X with exit status 7"
"CT45A3","","gene_error","PLINK failed for CT45A3 on chromosome X with exit status 7"
"CT45A5","","gene_error","PLINK failed for CT45A5 on chromosome X with exit status 7"
"CT45A6","","gene_error","PLINK failed for CT45A6 on chromosome X with exit status 7"
"CT45A7","","gene_error","PLINK failed for CT45A7 on chromosome X with exit status 7"
"CT45A8","","gene_error","PLINK failed for CT45A8 on chromosome X with exit status 7"
"CT45A9","","gene_error","PLINK failed for CT45A9 on chromosome X with exit status 7"
"CT47A1","","gene_error","PLINK failed for CT47A1 on chromosome X with exit status 7"
"CT47A10","","gene_error","PLINK failed for CT47A10 on chromosome X with exit status 7"
"CT47A11","","gene_error","PLINK failed for CT47A11 on chromosome X with exit status 7"
"CT47A12","","gene_error","PLINK failed for CT47A12 on chromosome X with exit status 7"
"CT47A2","","gene_error","PLINK failed for CT47A2 on chromosome X with exit status 7"
"CT47A3","","gene_error","PLINK failed for CT47A3 on chromosome X with exit status 7"
"CT47A4","","gene_error","PLINK failed for CT47A4 on chromosome X with exit status 7"
"CT47A5","","gene_error","PLINK failed for CT47A5 on chromosome X with exit status 7"
"CT47A6","","gene_error","PLINK failed for CT47A6 on chromosome X with exit status 7"
"CT47A7","","gene_error","PLINK failed for CT47A7 on chromosome X with exit status 7"
"CT47A8","","gene_error","PLINK failed for CT47A8 on chromosome X with exit status 7"
"CT47A9","","gene_error","PLINK failed for CT47A9 on chromosome X with exit status 7"
"CT47B1","","gene_error","PLINK failed for CT47B1 on chromosome X with exit status 7"
"CT55","","gene_error","PLINK failed for CT55 on chromosome X with exit status 7"
"CT83","","gene_error","PLINK failed for CT83 on chromosome X with exit status 7"
"CTAG1A","","gene_error","PLINK failed for CTAG1A on chromosome X with exit status 7"
"CTAG1B","","gene_error","PLINK failed for CTAG1B on chromosome X with exit status 7"
"CTAG2","","gene_error","PLINK failed for CTAG2 on chromosome X with exit status 7"
"CTPS2","","gene_error","PLINK failed for CTPS2 on chromosome X with exit status 7"
"CUL4B","","gene_error","PLINK failed for CUL4B on chromosome X with exit status 7"
"CXCR3","","gene_error","PLINK failed for CXCR3 on chromosome X with exit status 7"
"CXorf38","","gene_error","PLINK failed for CXorf38 on chromosome X with exit status 7"
"CXorf49","","gene_error","PLINK failed for CXorf49 on chromosome X with exit status 7"
"CXorf49B","","gene_error","PLINK failed for CXorf49B on chromosome X with exit status 7"
"CXorf51A","","gene_error","PLINK failed for CXorf51A on chromosome X with exit status 7"
"CXorf51B","","gene_error","PLINK failed for CXorf51B on chromosome X with exit status 7"
"CXorf56","","gene_error","PLINK failed for CXorf56 on chromosome X with exit status 7"
"CXorf58","","gene_error","PLINK failed for CXorf58 on chromosome X with exit status 7"
"CXorf65","","gene_error","PLINK failed for CXorf65 on chromosome X with exit status 7"
"CXorf66","","gene_error","PLINK failed for CXorf66 on chromosome X with exit status 7"
"CYBB","","gene_error","PLINK failed for CYBB on chromosome X with exit status 7"
"CYLC1","","gene_error","PLINK failed for CYLC1 on chromosome X with exit status 7"
"CYSLTR1","","gene_error","PLINK failed for CYSLTR1 on chromosome X with exit status 7"
"DACH2","","gene_error","PLINK failed for DACH2 on chromosome X with exit status 7"
"DAZ1","","gene_error","PLINK failed for DAZ1 on chromosome Y with exit status 7"
"DAZ2","","gene_error","PLINK failed for DAZ2 on chromosome Y with exit status 7"
"DAZ3","","gene_error","PLINK failed for DAZ3 on chromosome Y with exit status 7"
"DAZ4","","gene_error","PLINK failed for DAZ4 on chromosome Y with exit status 7"
"DCAF12L1","","gene_error","PLINK failed for DCAF12L1 on chromosome X with exit status 7"
"DCAF12L2","","gene_error","PLINK failed for DCAF12L2 on chromosome X with exit status 7"
"DCAF8L1","","gene_error","PLINK failed for DCAF8L1 on chromosome X with exit status 7"
"DCAF8L2","","gene_error","PLINK failed for DCAF8L2 on chromosome X with exit status 7"
"DCANP1","","no_successful_tissues","No tissue fits in result"
"DCX","","gene_error","PLINK failed for DCX on chromosome X with exit status 7"
"DDX3X","","gene_error","PLINK failed for DDX3X on chromosome X with exit status 7"
"DDX3Y","","gene_error","PLINK failed for DDX3Y on chromosome Y with exit status 7"
"DDX53","","gene_error","PLINK failed for DDX53 on chromosome X with exit status 7"
"DGAT2L6","","gene_error","PLINK failed for DGAT2L6 on chromosome X with exit status 7"
"DGKK","","gene_error","PLINK failed for DGKK on chromosome X with exit status 7"
"DHRSX","","gene_error","PLINK failed for DHRSX on chromosome X with exit status 7"
"DIAPH2","","gene_error","PLINK failed for DIAPH2 on chromosome X with exit status 7"
"DKC1","","gene_error","PLINK failed for DKC1 on chromosome X with exit status 7"
"DLG3","","gene_error","PLINK failed for DLG3 on chromosome X with exit status 7"
"DMD","","gene_error","PLINK failed for DMD on chromosome X with exit status 7"
"DMRTC1","","gene_error","PLINK failed for DMRTC1 on chromosome X with exit status 7"
"DMRTC1B","","gene_error","PLINK failed for DMRTC1B on chromosome X with exit status 7"
"DNASE1L1","","gene_error","PLINK failed for DNASE1L1 on chromosome X with exit status 7"
"DOCK11","","gene_error","PLINK failed for DOCK11 on chromosome X with exit status 7"
"DRP2","","gene_error","PLINK failed for DRP2 on chromosome X with exit status 7"
"DUSP21","","gene_error","PLINK failed for DUSP21 on chromosome X with exit status 7"
"DUSP9","","gene_error","PLINK failed for DUSP9 on chromosome X with exit status 7"
"DYNLT3","","gene_error","PLINK failed for DYNLT3 on chromosome X with exit status 7"
"EBP","","gene_error","PLINK failed for EBP on chromosome X with exit status 7"
"EDA","","gene_error","PLINK failed for EDA on chromosome X with exit status 7"
"EDA2R","","gene_error","PLINK failed for EDA2R on chromosome X with exit status 7"
"EFHC2","","gene_error","PLINK failed for EFHC2 on chromosome X with exit status 7"
"EFNB1","","gene_error","PLINK failed for EFNB1 on chromosome X with exit status 7"
"EGFL6","","gene_error","PLINK failed for EGFL6 on chromosome X with exit status 7"
"EIF1AX","","gene_error","PLINK failed for EIF1AX on chromosome X with exit status 7"
"EIF1AY","","gene_error","PLINK failed for EIF1AY on chromosome Y with exit status 7"
"EIF2S3","","gene_error","PLINK failed for EIF2S3 on chromosome X with exit status 7"
"ELF4","","gene_error","PLINK failed for ELF4 on chromosome X with exit status 7"
"ELK1","","gene_error","PLINK failed for ELK1 on chromosome X with exit status 7"
"EMD","","gene_error","PLINK failed for EMD on chromosome X with exit status 7"
"ENOX2","","gene_error","PLINK failed for ENOX2 on chromosome X with exit status 7"
"ERAS","","gene_error","PLINK failed for ERAS on chromosome X with exit status 7"
"ERCC6L","","gene_error","PLINK failed for ERCC6L on chromosome X with exit status 7"
"ESX1","","gene_error","PLINK failed for ESX1 on chromosome X with exit status 7"
"F8","","gene_error","PLINK failed for F8 on chromosome X with exit status 7"
"F8A1","","gene_error","PLINK failed for F8A1 on chromosome X with exit status 7"
"F8A2","","gene_error","PLINK failed for F8A2 on chromosome X with exit status 7"
"F8A3","","gene_error","PLINK failed for F8A3 on chromosome X with exit status 7"
"F9","","gene_error","PLINK failed for F9 on chromosome X with exit status 7"
"FAAH2","","gene_error","PLINK failed for FAAH2 on chromosome X with exit status 7"
"FAM104B","","gene_error","PLINK failed for FAM104B on chromosome X with exit status 7"
"FAM120C","","gene_error","PLINK failed for FAM120C on chromosome X with exit status 7"
"FAM122B","","gene_error","PLINK failed for FAM122B on chromosome X with exit status 7"
"FAM122C","","gene_error","PLINK failed for FAM122C on chromosome X with exit status 7"
"FAM133A","","gene_error","PLINK failed for FAM133A on chromosome X with exit status 7"
"FAM155B","","gene_error","PLINK failed for FAM155B on chromosome X with exit status 7"
"FAM156A","","gene_error","PLINK failed for FAM156A on chromosome X with exit status 7"
"FAM156B","","gene_error","PLINK failed for FAM156B on chromosome X with exit status 7"
"FAM199X","","gene_error","PLINK failed for FAM199X on chromosome X with exit status 7"
"FAM236A","","gene_error","PLINK failed for FAM236A on chromosome X with exit status 7"
"FAM236B","","gene_error","PLINK failed for FAM236B on chromosome X with exit status 7"
"FAM236C","","gene_error","PLINK failed for FAM236C on chromosome X with exit status 7"
"FAM236D","","gene_error","PLINK failed for FAM236D on chromosome X with exit status 7"
"FAM3A","","gene_error","PLINK failed for FAM3A on chromosome X with exit status 7"
"FAM47A","","gene_error","PLINK failed for FAM47A on chromosome X with exit status 7"
"FAM47B","","gene_error","PLINK failed for FAM47B on chromosome X with exit status 7"
"FAM47C","","gene_error","PLINK failed for FAM47C on chromosome X with exit status 7"
"FAM50A","","gene_error","PLINK failed for FAM50A on chromosome X with exit status 7"
"FAM90A16P","","no_successful_tissues","No tissue fits in result"
"FAM90A17P","","no_successful_tissues","No tissue fits in result"
"FAM90A18P","","no_successful_tissues","No tissue fits in result"
"FAM90A19P","","no_successful_tissues","No tissue fits in result"
"FAM9A","","gene_error","PLINK failed for FAM9A on chromosome X with exit status 7"
"FAM9B","","gene_error","PLINK failed for FAM9B on chromosome X with exit status 7"
"FAM9C","","gene_error","PLINK failed for FAM9C on chromosome X with exit status 7"
"FANCB","","gene_error","PLINK failed for FANCB on chromosome X with exit status 7"
"FATE1","","gene_error","PLINK failed for FATE1 on chromosome X with exit status 7"
"FGD1","","gene_error","PLINK failed for FGD1 on chromosome X with exit status 7"
"FGF13","","gene_error","PLINK failed for FGF13 on chromosome X with exit status 7"
"FGF16","","gene_error","PLINK failed for FGF16 on chromosome X with exit status 7"
"FHL1","","gene_error","PLINK failed for FHL1 on chromosome X with exit status 7"
"FLNA","","gene_error","PLINK failed for FLNA on chromosome X with exit status 7"
"FMR1","","gene_error","PLINK failed for FMR1 on chromosome X with exit status 7"
"FMR1NB","","gene_error","PLINK failed for FMR1NB on chromosome X with exit status 7"
"FOXO4","","gene_error","PLINK failed for FOXO4 on chromosome X with exit status 7"
"FOXP3","","gene_error","PLINK failed for FOXP3 on chromosome X with exit status 7"
"FOXR2","","gene_error","PLINK failed for FOXR2 on chromosome X with exit status 7"
"FRMD7","","gene_error","PLINK failed for FRMD7 on chromosome X with exit status 7"
"FRMPD3","","gene_error","PLINK failed for FRMPD3 on chromosome X with exit status 7"
"FRMPD4","","gene_error","PLINK failed for FRMPD4 on chromosome X with exit status 7"
"FTHL17","","gene_error","PLINK failed for FTHL17 on chromosome X with exit status 7"
"FTSJ1","","gene_error","PLINK failed for FTSJ1 on chromosome X with exit status 7"
"FUNDC1","","gene_error","PLINK failed for FUNDC1 on chromosome X with exit status 7"
"FUNDC2","","gene_error","PLINK failed for FUNDC2 on chromosome X with exit status 7"
"G6PD","","gene_error","PLINK failed for G6PD on chromosome X with exit status 7"
"GAB3","","gene_error","PLINK failed for GAB3 on chromosome X with exit status 7"
"GABRA3","","gene_error","PLINK failed for GABRA3 on chromosome X with exit status 7"
"GABRE","","gene_error","PLINK failed for GABRE on chromosome X with exit status 7"
"GABRQ","","gene_error","PLINK failed for GABRQ on chromosome X with exit status 7"
"GAGE1","","gene_error","PLINK failed for GAGE1 on chromosome X with exit status 7"
"GAGE10","","gene_error","PLINK failed for GAGE10 on chromosome X with exit status 7"
"GAGE12B","","gene_error","PLINK failed for GAGE12B on chromosome X with exit status 7"
"GAGE12C","","gene_error","PLINK failed for GAGE12C on chromosome X with exit status 7"
"GAGE12D","","gene_error","PLINK failed for GAGE12D on chromosome X with exit status 7"
"GAGE12E","","gene_error","PLINK failed for GAGE12E on chromosome X with exit status 7"
"GAGE12F","","gene_error","PLINK failed for GAGE12F on chromosome X with exit status 7"
"GAGE12G","","gene_error","PLINK failed for GAGE12G on chromosome X with exit status 7"
"GAGE12H","","gene_error","PLINK failed for GAGE12H on chromosome X with exit status 7"
"GAGE12J","","gene_error","PLINK failed for GAGE12J on chromosome X with exit status 7"
"GAGE13","","gene_error","PLINK failed for GAGE13 on chromosome X with exit status 7"
"GAGE2A","","gene_error","PLINK failed for GAGE2A on chromosome X with exit status 7"
"GAGE2E","","gene_error","PLINK failed for GAGE2E on chromosome X with exit status 7"
"GATA1","","gene_error","PLINK failed for GATA1 on chromosome X with exit status 7"
"GCNA","","gene_error","PLINK failed for GCNA on chromosome X with exit status 7"
"GDI1","","gene_error","PLINK failed for GDI1 on chromosome X with exit status 7"
"GDPD2","","gene_error","PLINK failed for GDPD2 on chromosome X with exit status 7"
"GEMIN8","","gene_error","PLINK failed for GEMIN8 on chromosome X with exit status 7"
"GJB1","","gene_error","PLINK failed for GJB1 on chromosome X with exit status 7"
"GK","","gene_error","PLINK failed for GK on chromosome X with exit status 7"
"GLA","","gene_error","PLINK failed for GLA on chromosome X with exit status 7"
"GLOD5","","gene_error","PLINK failed for GLOD5 on chromosome X with exit status 7"
"GLRA2","","gene_error","PLINK failed for GLRA2 on chromosome X with exit status 7"
"GLUD2","","gene_error","PLINK failed for GLUD2 on chromosome X with exit status 7"
"GNL3L","","gene_error","PLINK failed for GNL3L on chromosome X with exit status 7"
"GPC3","","gene_error","PLINK failed for GPC3 on chromosome X with exit status 7"
"GPC4","","gene_error","PLINK failed for GPC4 on chromosome X with exit status 7"
"GPKOW","","gene_error","PLINK failed for GPKOW on chromosome X with exit status 7"
"GPM6B","","gene_error","PLINK failed for GPM6B on chromosome X with exit status 7"
"GPR101","","gene_error","PLINK failed for GPR101 on chromosome X with exit status 7"
"GPR119","","gene_error","PLINK failed for GPR119 on chromosome X with exit status 7"
"GPR143","","gene_error","PLINK failed for GPR143 on chromosome X with exit status 7"
"GPR173","","gene_error","PLINK failed for GPR173 on chromosome X with exit status 7"
"GPR174","","gene_error","PLINK failed for GPR174 on chromosome X with exit status 7"
"GPR34","","gene_error","PLINK failed for GPR34 on chromosome X with exit status 7"
"GPR50","","gene_error","PLINK failed for GPR50 on chromosome X with exit status 7"
"GPR82","","gene_error","PLINK failed for GPR82 on chromosome X with exit status 7"
"GPRASP1","","gene_error","PLINK failed for GPRASP1 on chromosome X with exit status 7"
"GPRASP2","","gene_error","PLINK failed for GPRASP2 on chromosome X with exit status 7"
"GRIA3","","gene_error","PLINK failed for GRIA3 on chromosome X with exit status 7"
"GRIPAP1","","gene_error","PLINK failed for GRIPAP1 on chromosome X with exit status 7"
"GRPR","","gene_error","PLINK failed for GRPR on chromosome X with exit status 7"
"GSPT2","","gene_error","PLINK failed for GSPT2 on chromosome X with exit status 7"
"GTPBP6","","gene_error","PLINK failed for GTPBP6 on chromosome X with exit status 7"
"GUCY2F","","gene_error","PLINK failed for GUCY2F on chromosome X with exit status 7"
"GYG2","","gene_error","PLINK failed for GYG2 on chromosome X with exit status 7"
"HAUS7","","gene_error","PLINK failed for HAUS7 on chromosome X with exit status 7"
"HCCS","","gene_error","PLINK failed for HCCS on chromosome X with exit status 7"
"HCFC1","","gene_error","PLINK failed for HCFC1 on chromosome X with exit status 7"
"HDAC6","","gene_error","PLINK failed for HDAC6 on chromosome X with exit status 7"
"HDAC8","","gene_error","PLINK failed for HDAC8 on chromosome X with exit status 7"
"HDX","","gene_error","PLINK failed for HDX on chromosome X with exit status 7"
"HEPH","","gene_error","PLINK failed for HEPH on chromosome X with exit status 7"
"HMGB3","","gene_error","PLINK failed for HMGB3 on chromosome X with exit status 7"
"HMGN5","","gene_error","PLINK failed for HMGN5 on chromosome X with exit status 7"
"HNRNPH2","","gene_error","PLINK failed for HNRNPH2 on chromosome X with exit status 7"
"HPRT1","","gene_error","PLINK failed for HPRT1 on chromosome X with exit status 7"
"HS6ST2","","gene_error","PLINK failed for HS6ST2 on chromosome X with exit status 7"
"HSD17B10","","gene_error","PLINK failed for HSD17B10 on chromosome X with exit status 7"
"HSFX1","","gene_error","PLINK failed for HSFX1 on chromosome X with exit status 7"
"HSFX2","","gene_error","PLINK failed for HSFX2 on chromosome X with exit status 7"
"HSFY1","","gene_error","PLINK failed for HSFY1 on chromosome Y with exit status 7"
"HSFY2","","gene_error","PLINK failed for HSFY2 on chromosome Y with exit status 7"
"HTATSF1","","gene_error","PLINK failed for HTATSF1 on chromosome X with exit status 7"
"HTR2C","","gene_error","PLINK failed for HTR2C on chromosome X with exit status 7"
"HUWE1","","gene_error","PLINK failed for HUWE1 on chromosome X with exit status 7"
"IDH3G","","gene_error","PLINK failed for IDH3G on chromosome X with exit status 7"
"IDS","","gene_error","PLINK failed for IDS on chromosome X with exit status 7"
"IGBP1","","gene_error","PLINK failed for IGBP1 on chromosome X with exit status 7"
"IGSF1","","gene_error","PLINK failed for IGSF1 on chromosome X with exit status 7"
"IKBKG","","gene_error","PLINK failed for IKBKG on chromosome X with exit status 7"
"IL13RA1","","gene_error","PLINK failed for IL13RA1 on chromosome X with exit status 7"
"IL13RA2","","gene_error","PLINK failed for IL13RA2 on chromosome X with exit status 7"
"IL1RAPL1","","gene_error","PLINK failed for IL1RAPL1 on chromosome X with exit status 7"
"IL1RAPL2","","gene_error","PLINK failed for IL1RAPL2 on chromosome X with exit status 7"
"IL2RG","","gene_error","PLINK failed for IL2RG on chromosome X with exit status 7"
"IL3RA","","gene_error","PLINK failed for IL3RA on chromosome X with exit status 7"
"IL9R","","gene_error","PLINK failed for IL9R on chromosome X with exit status 7"
"INTS6L","","gene_error","PLINK failed for INTS6L on chromosome X with exit status 7"
"IQSEC2","","gene_error","PLINK failed for IQSEC2 on chromosome X with exit status 7"
"IRAK1","","gene_error","PLINK failed for IRAK1 on chromosome X with exit status 7"
"IRS4","","gene_error","PLINK failed for IRS4 on chromosome X with exit status 7"
"ITGB1BP2","","gene_error","PLINK failed for ITGB1BP2 on chromosome X with exit status 7"
"ITIH6","","gene_error","PLINK failed for ITIH6 on chromosome X with exit status 7"
"ITM2A","","gene_error","PLINK failed for ITM2A on chromosome X with exit status 7"
"JADE3","","gene_error","PLINK failed for JADE3 on chromosome X with exit status 7"
"KANTR","","gene_error","PLINK failed for KANTR on chromosome X with exit status 7"
"KCND1","","gene_error","PLINK failed for KCND1 on chromosome X with exit status 7"
"KCNE5","","gene_error","PLINK failed for KCNE5 on chromosome X with exit status 7"
"KDM5C","","gene_error","PLINK failed for KDM5C on chromosome X with exit status 7"
"KDM5D","","gene_error","PLINK failed for KDM5D on chromosome Y with exit status 7"
"KDM6A","","gene_error","PLINK failed for KDM6A on chromosome X with exit status 7"
"KIAA1210","","gene_error","PLINK failed for KIAA1210 on chromosome X with exit status 7"
"KIF4A","","gene_error","PLINK failed for KIF4A on chromosome X with exit status 7"
"KLF8","","gene_error","PLINK failed for KLF8 on chromosome X with exit status 7"
"KLHL13","","gene_error","PLINK failed for KLHL13 on chromosome X with exit status 7"
"KLHL15","","gene_error","PLINK failed for KLHL15 on chromosome X with exit status 7"
"KLHL34","","gene_error","PLINK failed for KLHL34 on chromosome X with exit status 7"
"KLHL4","","gene_error","PLINK failed for KLHL4 on chromosome X with exit status 7"
"KRBOX4","","gene_error","PLINK failed for KRBOX4 on chromosome X with exit status 7"
"L1CAM","","gene_error","PLINK failed for L1CAM on chromosome X with exit status 7"
"LAGE3","","gene_error","PLINK failed for LAGE3 on chromosome X with exit status 7"
"LAMP2","","gene_error","PLINK failed for LAMP2 on chromosome X with exit status 7"
"LANCL3","","gene_error","PLINK failed for LANCL3 on chromosome X with exit status 7"
"LAS1L","","gene_error","PLINK failed for LAS1L on chromosome X with exit status 7"
"LDOC1","","gene_error","PLINK failed for LDOC1 on chromosome X with exit status 7"
"LHFPL1","","gene_error","PLINK failed for LHFPL1 on chromosome X with exit status 7"
"LONRF3","","gene_error","PLINK failed for LONRF3 on chromosome X with exit status 7"
"LOXL1","","gene_error","PLINK failed for LOXL1 on chromosome 15 with exit status 127"
"LPAR4","","gene_error","PLINK failed for LPAR4 on chromosome X with exit status 127"
"LRCH2","","gene_error","PLINK failed for LRCH2 on chromosome X with exit status 7"
"LRPPRC","","gene_error","PLINK failed for LRPPRC on chromosome 2 with exit status 127"
"LRRC19","","gene_error","PLINK failed for LRRC19 on chromosome 9 with exit status 127"
"LUZP4","","gene_error","PLINK failed for LUZP4 on chromosome X with exit status 7"
"MAGEA1","","gene_error","PLINK failed for MAGEA1 on chromosome X with exit status 7"
"MAGEA10","","gene_error","PLINK failed for MAGEA10 on chromosome X with exit status 7"
"MAGEA11","","gene_error","PLINK failed for MAGEA11 on chromosome X with exit status 7"
"MAGEA12","","gene_error","PLINK failed for MAGEA12 on chromosome X with exit status 7"
"MAGEA2","","gene_error","PLINK failed for MAGEA2 on chromosome X with exit status 7"
"MAGEA2B","","gene_error","PLINK failed for MAGEA2B on chromosome X with exit status 7"
"MAGEA3","","gene_error","PLINK failed for MAGEA3 on chromosome X with exit status 7"
"MAGEA4","","gene_error","PLINK failed for MAGEA4 on chromosome X with exit status 7"
"MAGEA6","","gene_error","PLINK failed for MAGEA6 on chromosome X with exit status 7"
"MAGEA8","","gene_error","PLINK failed for MAGEA8 on chromosome X with exit status 7"
"MAGEA9","","gene_error","PLINK failed for MAGEA9 on chromosome X with exit status 7"
"MAGEA9B","","gene_error","PLINK failed for MAGEA9B on chromosome X with exit status 7"
"MAGEB1","","gene_error","PLINK failed for MAGEB1 on chromosome X with exit status 7"
"MAGEB10","","gene_error","PLINK failed for MAGEB10 on chromosome X with exit status 7"
"MAGEB16","","gene_error","PLINK failed for MAGEB16 on chromosome X with exit status 7"
"MAGEB17","","gene_error","PLINK failed for MAGEB17 on chromosome X with exit status 7"
"MAGEB18","","gene_error","PLINK failed for MAGEB18 on chromosome X with exit status 7"
"MAGEB2","","gene_error","PLINK failed for MAGEB2 on chromosome X with exit status 7"
"MAGEB3","","gene_error","PLINK failed for MAGEB3 on chromosome X with exit status 7"
"MAGEB4","","gene_error","PLINK failed for MAGEB4 on chromosome X with exit status 7"
"MAGEB5","","gene_error","PLINK failed for MAGEB5 on chromosome X with exit status 7"
"MAGEB6","","gene_error","PLINK failed for MAGEB6 on chromosome X with exit status 7"
"MAGEC1","","gene_error","PLINK failed for MAGEC1 on chromosome X with exit status 7"
"MAGEC2","","gene_error","PLINK failed for MAGEC2 on chromosome X with exit status 7"
"MAGEC3","","gene_error","PLINK failed for MAGEC3 on chromosome X with exit status 7"
"MAGED1","","gene_error","PLINK failed for MAGED1 on chromosome X with exit status 7"
"MAGED2","","gene_error","PLINK failed for MAGED2 on chromosome X with exit status 7"
"MAGED4","","gene_error","PLINK failed for MAGED4 on chromosome X with exit status 7"
"MAGED4B","","gene_error","PLINK failed for MAGED4B on chromosome X with exit status 7"
"MAGEE1","","gene_error","PLINK failed for MAGEE1 on chromosome X with exit status 7"
"MAGEE2","","gene_error","PLINK failed for MAGEE2 on chromosome X with exit status 7"
"MAGEH1","","gene_error","PLINK failed for MAGEH1 on chromosome X with exit status 7"
"MAGIX","","gene_error","PLINK failed for MAGIX on chromosome X with exit status 7"
"MAGT1","","gene_error","PLINK failed for MAGT1 on chromosome X with exit status 7"
"MAMLD1","","gene_error","PLINK failed for MAMLD1 on chromosome X with exit status 7"
"MAOA","","gene_error","PLINK failed for MAOA on chromosome X with exit status 7"
"MAOB","","gene_error","PLINK failed for MAOB on chromosome X with exit status 7"
"MAP3K15","","gene_error","PLINK failed for MAP3K15 on chromosome X with exit status 7"
"MAP7D2","","gene_error","PLINK failed for MAP7D2 on chromosome X with exit status 7"
"MAP7D3","","gene_error","PLINK failed for MAP7D3 on chromosome X with exit status 7"
"MBNL3","","gene_error","PLINK failed for MBNL3 on chromosome X with exit status 7"
"MBTPS2","","gene_error","PLINK failed for MBTPS2 on chromosome X with exit status 7"
"MCF2","","gene_error","PLINK failed for MCF2 on chromosome X with exit status 7"
"MCTS1","","gene_error","PLINK failed for MCTS1 on chromosome X with exit status 7"
"MECP2","","gene_error","PLINK failed for MECP2 on chromosome X with exit status 7"
"MED12","","gene_error","PLINK failed for MED12 on chromosome X with exit status 7"
"MED14","","gene_error","PLINK failed for MED14 on chromosome X with exit status 7"
"MID1","","gene_error","PLINK failed for MID1 on chromosome X with exit status 7"
"MID1IP1","","gene_error","PLINK failed for MID1IP1 on chromosome X with exit status 7"
"MID2","","gene_error","PLINK failed for MID2 on chromosome X with exit status 7"
"MMGT1","","gene_error","PLINK failed for MMGT1 on chromosome X with exit status 7"
"MORC4","","gene_error","PLINK failed for MORC4 on chromosome X with exit status 7"
"MORF4L2","","gene_error","PLINK failed for MORF4L2 on chromosome X with exit status 7"
"MOSPD1","","gene_error","PLINK failed for MOSPD1 on chromosome X with exit status 7"
"MOSPD2","","gene_error","PLINK failed for MOSPD2 on chromosome X with exit status 7"
"MPC1L","","gene_error","PLINK failed for MPC1L on chromosome X with exit status 7"
"MPP1","","gene_error","PLINK failed for MPP1 on chromosome X with exit status 7"
"MSL3","","gene_error","PLINK failed for MSL3 on chromosome X with exit status 7"
"MSN","","gene_error","PLINK failed for MSN on chromosome X with exit status 7"
"MT-ATP6","","gene_error","PLINK failed for MT-ATP6 on chromosome MT with exit status 7"
"MT-ATP8","","gene_error","PLINK failed for MT-ATP8 on chromosome MT with exit status 7"
"MT-CO1","","gene_error","PLINK failed for MT-CO1 on chromosome MT with exit status 7"
"MT-CO2","","gene_error","PLINK failed for MT-CO2 on chromosome MT with exit status 7"
"MT-CO3","","gene_error","PLINK failed for MT-CO3 on chromosome MT with exit status 7"
"MT-CYB","","gene_error","PLINK failed for MT-CYB on chromosome MT with exit status 7"
"MT-ND1","","gene_error","PLINK failed for MT-ND1 on chromosome MT with exit status 7"
"MT-ND2","","gene_error","PLINK failed for MT-ND2 on chromosome MT with exit status 7"
"MT-ND3","","gene_error","PLINK failed for MT-ND3 on chromosome MT with exit status 7"
"MT-ND4","","gene_error","PLINK failed for MT-ND4 on chromosome MT with exit status 7"
"MT-ND4L","","gene_error","PLINK failed for MT-ND4L on chromosome MT with exit status 7"
"MT-ND5","","gene_error","PLINK failed for MT-ND5 on chromosome MT with exit status 7"
"MT-ND6","","gene_error","PLINK failed for MT-ND6 on chromosome MT with exit status 7"
"MTCP1","","gene_error","PLINK failed for MTCP1 on chromosome X with exit status 7"
"MTM1","","gene_error","PLINK failed for MTM1 on chromosome X with exit status 7"
"MTMR1","","gene_error","PLINK failed for MTMR1 on chromosome X with exit status 7"
"MTMR8","","gene_error","PLINK failed for MTMR8 on chromosome X with exit status 7"
"MTRNR2L10","","gene_error","PLINK failed for MTRNR2L10 on chromosome X with exit status 7"
"MXRA5","","gene_error","PLINK failed for MXRA5 on chromosome X with exit status 7"
"NAA10","","gene_error","PLINK failed for NAA10 on chromosome X with exit status 7"
"NAP1L2","","gene_error","PLINK failed for NAP1L2 on chromosome X with exit status 7"
"NAP1L3","","gene_error","PLINK failed for NAP1L3 on chromosome X with exit status 7"
"NBDY","","gene_error","PLINK failed for NBDY on chromosome X with exit status 7"
"NCBP2L","","gene_error","PLINK failed for NCBP2L on chromosome X with exit status 7"
"NDP","","gene_error","PLINK failed for NDP on chromosome X with exit status 7"
"NDUFA1","","gene_error","PLINK failed for NDUFA1 on chromosome X with exit status 7"
"NDUFB11","","gene_error","PLINK failed for NDUFB11 on chromosome X with exit status 7"
"NHS","","gene_error","PLINK failed for NHS on chromosome X with exit status 7"
"NHSL2","","gene_error","PLINK failed for NHSL2 on chromosome X with exit status 7"
"NKAP","","gene_error","PLINK failed for NKAP on chromosome X with exit status 7"
"NKRF","","gene_error","PLINK failed for NKRF on chromosome X with exit status 7"
"NLGN3","","gene_error","PLINK failed for NLGN3 on chromosome X with exit status 7"
"NLGN4X","","gene_error","PLINK failed for NLGN4X on chromosome X with exit status 7"
"NLGN4Y","","gene_error","PLINK failed for NLGN4Y on chromosome Y with exit status 7"
"NLRP2B","","gene_error","PLINK failed for NLRP2B on chromosome X with exit status 7"
"NONO","","gene_error","PLINK failed for NONO on chromosome X with exit status 7"
"NOX1","","gene_error","PLINK failed for NOX1 on chromosome X with exit status 7"
"NR0B1","","gene_error","PLINK failed for NR0B1 on chromosome X with exit status 7"
"NRK","","gene_error","PLINK failed for NRK on chromosome X with exit status 7"
"NSDHL","","gene_error","PLINK failed for NSDHL on chromosome X with exit status 7"
"NUDT10","","gene_error","PLINK failed for NUDT10 on chromosome X with exit status 7"
"NUDT11","","gene_error","PLINK failed for NUDT11 on chromosome X with exit status 7"
"NUP62CL","","gene_error","PLINK failed for NUP62CL on chromosome X with exit status 7"
"NXF2","","gene_error","PLINK failed for NXF2 on chromosome X with exit status 7"
"NXF2B","","gene_error","PLINK failed for NXF2B on chromosome X with exit status 7"
"NXF3","","gene_error","PLINK failed for NXF3 on chromosome X with exit status 7"
"NXT2","","gene_error","PLINK failed for NXT2 on chromosome X with exit status 7"
"NYX","","gene_error","PLINK failed for NYX on chromosome X with exit status 7"
"OCRL","","gene_error","PLINK failed for OCRL on chromosome X with exit status 7"
"OFD1","","gene_error","PLINK failed for OFD1 on chromosome X with exit status 7"
"OGT","","gene_error","PLINK failed for OGT on chromosome X with exit status 7"
"OPHN1","","gene_error","PLINK failed for OPHN1 on chromosome X with exit status 7"
"OPN1LW","","gene_error","PLINK failed for OPN1LW on chromosome X with exit status 7"
"OPN1MW","","gene_error","PLINK failed for OPN1MW on chromosome X with exit status 7"
"OPN1MW2","","gene_error","PLINK failed for OPN1MW2 on chromosome X with exit status 7"
"OPN1MW3","","gene_error","PLINK failed for OPN1MW3 on chromosome X with exit status 7"
"OR10R2","","no_successful_tissues","No tissue fits in result"
"OR13H1","","gene_error","PLINK failed for OR13H1 on chromosome X with exit status 7"
"OTC","","gene_error","PLINK failed for OTC on chromosome X with exit status 7"
"OTUD5","","gene_error","PLINK failed for OTUD5 on chromosome X with exit status 7"
"OTUD6A","","gene_error","PLINK failed for OTUD6A on chromosome X with exit status 7"
"P2RY10","","gene_error","PLINK failed for P2RY10 on chromosome X with exit status 7"
"P2RY4","","gene_error","PLINK failed for P2RY4 on chromosome X with exit status 7"
"P2RY8","","gene_error","PLINK failed for P2RY8 on chromosome X with exit status 7"
"PABPC1L2A","","gene_error","PLINK failed for PABPC1L2A on chromosome X with exit status 7"
"PABPC1L2B","","gene_error","PLINK failed for PABPC1L2B on chromosome X with exit status 7"
"PABPC5","","gene_error","PLINK failed for PABPC5 on chromosome X with exit status 7"
"PAGE1","","gene_error","PLINK failed for PAGE1 on chromosome X with exit status 7"
"PAGE2","","gene_error","PLINK failed for PAGE2 on chromosome X with exit status 7"
"PAGE2B","","gene_error","PLINK failed for PAGE2B on chromosome X with exit status 7"
"PAGE3","","gene_error","PLINK failed for PAGE3 on chromosome X with exit status 7"
"PAGE4","","gene_error","PLINK failed for PAGE4 on chromosome X with exit status 7"
"PAGE5","","gene_error","PLINK failed for PAGE5 on chromosome X with exit status 7"
"PAK3","","gene_error","PLINK failed for PAK3 on chromosome X with exit status 7"
"PASD1","","gene_error","PLINK failed for PASD1 on chromosome X with exit status 7"
"PBDC1","","gene_error","PLINK failed for PBDC1 on chromosome X with exit status 7"
"PCDH11X","","gene_error","PLINK failed for PCDH11X on chromosome X with exit status 7"
"PCDH11Y","","gene_error","PLINK failed for PCDH11Y on chromosome Y with exit status 7"
"PCDH19","","gene_error","PLINK failed for PCDH19 on chromosome X with exit status 7"
"PCSK1N","","gene_error","PLINK failed for PCSK1N on chromosome X with exit status 7"
"PCYT1B","","gene_error","PLINK failed for PCYT1B on chromosome X with exit status 7"
"PDHA1","","gene_error","PLINK failed for PDHA1 on chromosome X with exit status 7"
"PDK3","","gene_error","PLINK failed for PDK3 on chromosome X with exit status 7"
"PDZD11","","gene_error","PLINK failed for PDZD11 on chromosome X with exit status 7"
"PDZD4","","gene_error","PLINK failed for PDZD4 on chromosome X with exit status 7"
"PFKFB1","","gene_error","PLINK failed for PFKFB1 on chromosome X with exit status 7"
"PGAM4","","gene_error","PLINK failed for PGAM4 on chromosome X with exit status 7"
"PGK1","","gene_error","PLINK failed for PGK1 on chromosome X with exit status 7"
"PGRMC1","","gene_error","PLINK failed for PGRMC1 on chromosome X with exit status 7"
"PHEX","","gene_error","PLINK failed for PHEX on chromosome X with exit status 7"
"PHF6","","gene_error","PLINK failed for PHF6 on chromosome X with exit status 7"
"PHF8","","gene_error","PLINK failed for PHF8 on chromosome X with exit status 7"
"PHKA1","","gene_error","PLINK failed for PHKA1 on chromosome X with exit status 7"
"PHKA2","","gene_error","PLINK failed for PHKA2 on chromosome X with exit status 7"
"PIGA","","gene_error","PLINK failed for PIGA on chromosome X with exit status 7"
"PIM2","","gene_error","PLINK failed for PIM2 on chromosome X with exit status 7"
"PIN4","","gene_error","PLINK failed for PIN4 on chromosome X with exit status 7"
"PIR","","gene_error","PLINK failed for PIR on chromosome X with exit status 7"
"PJA1","","gene_error","PLINK failed for PJA1 on chromosome X with exit status 7"
"PLAC1","","gene_error","PLINK failed for PLAC1 on chromosome X with exit status 7"
"PLCXD1","","gene_error","PLINK failed for PLCXD1 on chromosome X with exit status 7"
"PLP1","","gene_error","PLINK failed for PLP1 on chromosome X with exit status 7"
"PLP2","","gene_error","PLINK failed for PLP2 on chromosome X with exit status 7"
"PLS3","","gene_error","PLINK failed for PLS3 on chromosome X with exit status 7"
"PLXNA3","","gene_error","PLINK failed for PLXNA3 on chromosome X with exit status 7"
"PLXNB3","","gene_error","PLINK failed for PLXNB3 on chromosome X with exit status 7"
"PNCK","","gene_error","PLINK failed for PNCK on chromosome X with exit status 7"
"PNMA3","","gene_error","PLINK failed for PNMA3 on chromosome X with exit status 7"
"PNMA5","","gene_error","PLINK failed for PNMA5 on chromosome X with exit status 7"
"PNMA6A","","gene_error","PLINK failed for PNMA6A on chromosome X with exit status 7"
"PNPLA4","","gene_error","PLINK failed for PNPLA4 on chromosome X with exit status 7"
"POF1B","","gene_error","PLINK failed for POF1B on chromosome X with exit status 7"
"POLA1","","gene_error","PLINK failed for POLA1 on chromosome X with exit status 7"
"POM121","","gene_error","PLINK failed for POM121 on chromosome 7 with exit status 127"
"POP4","","gene_error","PLINK failed for POP4 on chromosome 19 with exit status 127"
"PORCN","","gene_error","PLINK failed for PORCN on chromosome X with exit status 7"
"POU2F1","","gene_error","PLINK failed for POU2F1 on chromosome 1 with exit status 127"
"POU3F4","","gene_error","PLINK failed for POU3F4 on chromosome X with exit status 7"
"PPEF1","","gene_error","PLINK failed for PPEF1 on chromosome X with exit status 7"
"PPIAL4A","","gene_error","PLINK failed for PPIAL4A on chromosome 1 with exit status 127"
"PPIE","","gene_error","PLINK failed for PPIE on chromosome 1 with exit status 127"
"PPIH","","gene_error","PLINK failed for PPIH on chromosome 1 with exit status 127"
"PPIL2","","gene_error","PLINK failed for PPIL2 on chromosome 22 with exit status 127"
"PPP1R3F","","gene_error","PLINK failed for PPP1R3F on chromosome X with exit status 7"
"PPP2R3B","","gene_error","PLINK failed for PPP2R3B on chromosome X with exit status 7"
"PQBP1","","gene_error","PLINK failed for PQBP1 on chromosome X with exit status 7"
"PRAF2","","gene_error","PLINK failed for PRAF2 on chromosome X with exit status 7"
"PRDX4","","gene_error","PLINK failed for PRDX4 on chromosome X with exit status 7"
"PRICKLE3","","gene_error","PLINK failed for PRICKLE3 on chromosome X with exit status 7"
"PRKX","","gene_error","PLINK failed for PRKX on chromosome X with exit status 7"
"PRPS1","","gene_error","PLINK failed for PRPS1 on chromosome X with exit status 7"
"PRPS2","","gene_error","PLINK failed for PRPS2 on chromosome X with exit status 7"
"PRR20B","","no_successful_tissues","No tissue fits in result"
"PRR20C","","no_successful_tissues","No tissue fits in result"
"PRR20D","","no_successful_tissues","No tissue fits in result"
"PRR20E","","no_successful_tissues","No tissue fits in result"
"PRR32","","gene_error","PLINK failed for PRR32 on chromosome X with exit status 7"
"PRRG1","","gene_error","PLINK failed for PRRG1 on chromosome X with exit status 7"
"PRRG3","","gene_error","PLINK failed for PRRG3 on chromosome X with exit status 7"
"PRY","","gene_error","PLINK failed for PRY on chromosome Y with exit status 7"
"PRY2","","gene_error","PLINK failed for PRY2 on chromosome Y with exit status 7"
"PRYP3","","gene_error","PLINK failed for PRYP3 on chromosome Y with exit status 7"
"PSMD10","","gene_error","PLINK failed for PSMD10 on chromosome X with exit status 7"
"PTCHD1","","gene_error","PLINK failed for PTCHD1 on chromosome X with exit status 7"
"PUDP","","gene_error","PLINK failed for PUDP on chromosome X with exit status 7"
"RAB33A","","gene_error","PLINK failed for RAB33A on chromosome X with exit status 7"
"RAB39B","","gene_error","PLINK failed for RAB39B on chromosome X with exit status 7"
"RAB40A","","gene_error","PLINK failed for RAB40A on chromosome X with exit status 7"
"RAB40AL","","gene_error","PLINK failed for RAB40AL on chromosome X with exit status 7"
"RAB41","","gene_error","PLINK failed for RAB41 on chromosome X with exit status 7"
"RAB9A","","gene_error","PLINK failed for RAB9A on chromosome X with exit status 7"
"RAB9B","","gene_error","PLINK failed for RAB9B on chromosome X with exit status 7"
"RAI2","","gene_error","PLINK failed for RAI2 on chromosome X with exit status 7"
"RAP2C","","gene_error","PLINK failed for RAP2C on chromosome X with exit status 7"
"RBBP7","","gene_error","PLINK failed for RBBP7 on chromosome X with exit status 7"
"RBM10","","gene_error","PLINK failed for RBM10 on chromosome X with exit status 7"
"RBM3","","gene_error","PLINK failed for RBM3 on chromosome X with exit status 7"
"RBM41","","gene_error","PLINK failed for RBM41 on chromosome X with exit status 7"
"RBMX","","gene_error","PLINK failed for RBMX on chromosome X with exit status 7"
"RBMX2","","gene_error","PLINK failed for RBMX2 on chromosome X with exit status 7"
"RBMXL3","","gene_error","PLINK failed for RBMXL3 on chromosome X with exit status 7"
"RBMY1A1","","gene_error","PLINK failed for RBMY1A1 on chromosome Y with exit status 7"
"RBMY1B","","gene_error","PLINK failed for RBMY1B on chromosome Y with exit status 7"
"RBMY1D","","gene_error","PLINK failed for RBMY1D on chromosome Y with exit status 7"
"RBMY1E","","gene_error","PLINK failed for RBMY1E on chromosome Y with exit status 7"
"RBMY1F","","gene_error","PLINK failed for RBMY1F on chromosome Y with exit status 7"
"RBMY1J","","gene_error","PLINK failed for RBMY1J on chromosome Y with exit status 7"
"RENBP","","gene_error","PLINK failed for RENBP on chromosome X with exit status 7"
"REPS2","","gene_error","PLINK failed for REPS2 on chromosome X with exit status 7"
"RGN","","gene_error","PLINK failed for RGN on chromosome X with exit status 7"
"RHOXF1","","gene_error","PLINK failed for RHOXF1 on chromosome X with exit status 7"
"RHOXF2","","gene_error","PLINK failed for RHOXF2 on chromosome X with exit status 7"
"RHOXF2B","","gene_error","PLINK failed for RHOXF2B on chromosome X with exit status 7"
"RIBC1","","gene_error","PLINK failed for RIBC1 on chromosome X with exit status 7"
"RIPPLY1","","gene_error","PLINK failed for RIPPLY1 on chromosome X with exit status 7"
"RLIM","","gene_error","PLINK failed for RLIM on chromosome X with exit status 7"
"RNF113A","","gene_error","PLINK failed for RNF113A on chromosome X with exit status 7"
"RNF128","","gene_error","PLINK failed for RNF128 on chromosome X with exit status 7"
"RP2","","gene_error","PLINK failed for RP2 on chromosome X with exit status 7"
"RPA4","","gene_error","PLINK failed for RPA4 on chromosome X with exit status 7"
"RPGR","","gene_error","PLINK failed for RPGR on chromosome X with exit status 7"
"RPL10","","gene_error","PLINK failed for RPL10 on chromosome X with exit status 7"
"RPL36A","","gene_error","PLINK failed for RPL36A on chromosome X with exit status 7"
"RPL39","","gene_error","PLINK failed for RPL39 on chromosome X with exit status 7"
"RPS4X","","gene_error","PLINK failed for RPS4X on chromosome X with exit status 7"
"RPS4Y1","","gene_error","PLINK failed for RPS4Y1 on chromosome Y with exit status 7"
"RPS4Y2","","gene_error","PLINK failed for RPS4Y2 on chromosome Y with exit status 7"
"RPS6KA3","","gene_error","PLINK failed for RPS6KA3 on chromosome X with exit status 7"
"RPS6KA6","","gene_error","PLINK failed for RPS6KA6 on chromosome X with exit status 7"
"RRAGB","","gene_error","PLINK failed for RRAGB on chromosome X with exit status 7"
"RS1","","gene_error","PLINK failed for RS1 on chromosome X with exit status 7"
"S100G","","gene_error","PLINK failed for S100G on chromosome X with exit status 7"
"SAGE1","","gene_error","PLINK failed for SAGE1 on chromosome X with exit status 7"
"SASH3","","gene_error","PLINK failed for SASH3 on chromosome X with exit status 7"
"SAT1","","gene_error","PLINK failed for SAT1 on chromosome X with exit status 7"
"SATL1","","gene_error","PLINK failed for SATL1 on chromosome X with exit status 7"
"SCML1","","gene_error","PLINK failed for SCML1 on chromosome X with exit status 7"
"SCML2","","gene_error","PLINK failed for SCML2 on chromosome X with exit status 7"
"SERPINA7","","gene_error","PLINK failed for SERPINA7 on chromosome X with exit status 7"
"SH2D1A","","gene_error","PLINK failed for SH2D1A on chromosome X with exit status 7"
"SH3BGRL","","gene_error","PLINK failed for SH3BGRL on chromosome X with exit status 7"
"SH3KBP1","","gene_error","PLINK failed for SH3KBP1 on chromosome X with exit status 7"
"SHOX","","gene_error","PLINK failed for SHOX on chromosome X with exit status 7"
"SHROOM2","","gene_error","PLINK failed for SHROOM2 on chromosome X with exit status 7"
"SHROOM4","","gene_error","PLINK failed for SHROOM4 on chromosome X with exit status 7"
"SLC10A3","","gene_error","PLINK failed for SLC10A3 on chromosome X with exit status 7"
"SLC16A2","","gene_error","PLINK failed for SLC16A2 on chromosome X with exit status 7"
"SLC25A14","","gene_error","PLINK failed for SLC25A14 on chromosome X with exit status 7"
"SLC25A43","","gene_error","PLINK failed for SLC25A43 on chromosome X with exit status 7"
"SLC25A5","","gene_error","PLINK failed for SLC25A5 on chromosome X with exit status 7"
"SLC25A53","","gene_error","PLINK failed for SLC25A53 on chromosome X with exit status 7"
"SLC25A6","","gene_error","PLINK failed for SLC25A6 on chromosome X with exit status 7"
"SLC35A2","","gene_error","PLINK failed for SLC35A2 on chromosome X with exit status 7"
"SLC38A5","","gene_error","PLINK failed for SLC38A5 on chromosome X with exit status 7"
"SLC6A14","","gene_error","PLINK failed for SLC6A14 on chromosome X with exit status 7"
"SLC6A8","","gene_error","PLINK failed for SLC6A8 on chromosome X with exit status 7"
"SLC7A3","","gene_error","PLINK failed for SLC7A3 on chromosome X with exit status 7"
"SLC9A6","","gene_error","PLINK failed for SLC9A6 on chromosome X with exit status 7"
"SLC9A7","","gene_error","PLINK failed for SLC9A7 on chromosome X with exit status 7"
"SLITRK2","","gene_error","PLINK failed for SLITRK2 on chromosome X with exit status 7"
"SLITRK4","","gene_error","PLINK failed for SLITRK4 on chromosome X with exit status 7"
"SMARCA1","","gene_error","PLINK failed for SMARCA1 on chromosome X with exit status 7"
"SMC1A","","gene_error","PLINK failed for SMC1A on chromosome X with exit status 7"
"SMIM10","","gene_error","PLINK failed for SMIM10 on chromosome X with exit status 7"
"SMIM10L2A","","gene_error","PLINK failed for SMIM10L2A on chromosome X with exit status 7"
"SMIM10L2B","","gene_error","PLINK failed for SMIM10L2B on chromosome X with exit status 7"
"SMIM9","","gene_error","PLINK failed for SMIM9 on chromosome X with exit status 7"
"SMPX","","gene_error","PLINK failed for SMPX on chromosome X with exit status 7"
"SMS","","gene_error","PLINK failed for SMS on chromosome X with exit status 7"
"SNX12","","gene_error","PLINK failed for SNX12 on chromosome X with exit status 7"
"SOWAHD","","gene_error","PLINK failed for SOWAHD on chromosome X with exit status 7"
"SOX3","","gene_error","PLINK failed for SOX3 on chromosome X with exit status 7"
"SPACA5","","gene_error","PLINK failed for SPACA5 on chromosome X with exit status 7"
"SPACA5B","","gene_error","PLINK failed for SPACA5B on chromosome X with exit status 7"
"SPANXA1","","gene_error","PLINK failed for SPANXA1 on chromosome X with exit status 7"
"SPANXA2","","gene_error","PLINK failed for SPANXA2 on chromosome X with exit status 7"
"SPANXB1","","gene_error","PLINK failed for SPANXB1 on chromosome X with exit status 7"
"SPANXC","","gene_error","PLINK failed for SPANXC on chromosome X with exit status 7"
"SPANXD","","gene_error","PLINK failed for SPANXD on chromosome X with exit status 7"
"SPANXN1","","gene_error","PLINK failed for SPANXN1 on chromosome X with exit status 7"
"SPANXN2","","gene_error","PLINK failed for SPANXN2 on chromosome X with exit status 7"
"SPANXN3","","gene_error","PLINK failed for SPANXN3 on chromosome X with exit status 7"
"SPANXN4","","gene_error","PLINK failed for SPANXN4 on chromosome X with exit status 7"
"SPANXN5","","gene_error","PLINK failed for SPANXN5 on chromosome X with exit status 7"
"SPIN2A","","gene_error","PLINK failed for SPIN2A on chromosome X with exit status 7"
"SPIN2B","","gene_error","PLINK failed for SPIN2B on chromosome X with exit status 7"
"SPIN3","","gene_error","PLINK failed for SPIN3 on chromosome X with exit status 7"
"SPIN4","","gene_error","PLINK failed for SPIN4 on chromosome X with exit status 7"
"SPRY3","","gene_error","PLINK failed for SPRY3 on chromosome X with exit status 7"
"SRPK3","","gene_error","PLINK failed for SRPK3 on chromosome X with exit status 7"
"SRPX","","gene_error","PLINK failed for SRPX on chromosome X with exit status 7"
"SRPX2","","gene_error","PLINK failed for SRPX2 on chromosome X with exit status 7"
"SRY","","gene_error","PLINK failed for SRY on chromosome Y with exit status 7"
"SSR4","","gene_error","PLINK failed for SSR4 on chromosome X with exit status 7"
"SSX1","","gene_error","PLINK failed for SSX1 on chromosome X with exit status 7"
"SSX2","","gene_error","PLINK failed for SSX2 on chromosome X with exit status 7"
"SSX2B","","gene_error","PLINK failed for SSX2B on chromosome X with exit status 7"
"SSX3","","gene_error","PLINK failed for SSX3 on chromosome X with exit status 7"
"SSX4","","gene_error","PLINK failed for SSX4 on chromosome X with exit status 7"
"SSX4B","","gene_error","PLINK failed for SSX4B on chromosome X with exit status 7"
"SSX5","","gene_error","PLINK failed for SSX5 on chromosome X with exit status 7"
"SSX7","","gene_error","PLINK failed for SSX7 on chromosome X with exit status 7"
"STAG2","","gene_error","PLINK failed for STAG2 on chromosome X with exit status 7"
"STARD8","","gene_error","PLINK failed for STARD8 on chromosome X with exit status 7"
"STK26","","gene_error","PLINK failed for STK26 on chromosome X with exit status 7"
"STS","","gene_error","PLINK failed for STS on chromosome X with exit status 7"
"SUPT20HL1","","gene_error","PLINK failed for SUPT20HL1 on chromosome X with exit status 7"
"SUPT20HL2","","gene_error","PLINK failed for SUPT20HL2 on chromosome X with exit status 7"
"SUV39H1","","gene_error","PLINK failed for SUV39H1 on chromosome X with exit status 7"
"SYAP1","","gene_error","PLINK failed for SYAP1 on chromosome X with exit status 7"
"SYN1","","gene_error","PLINK failed for SYN1 on chromosome X with exit status 7"
"SYP","","gene_error","PLINK failed for SYP on chromosome X with exit status 7"
"SYTL4","","gene_error","PLINK failed for SYTL4 on chromosome X with exit status 7"
"SYTL5","","gene_error","PLINK failed for SYTL5 on chromosome X with exit status 7"
"TAB3","","gene_error","PLINK failed for TAB3 on chromosome X with exit status 7"
"TAF1","","gene_error","PLINK failed for TAF1 on chromosome X with exit status 7"
"TAF7L","","gene_error","PLINK failed for TAF7L on chromosome X with exit status 7"
"TAF9B","","gene_error","PLINK failed for TAF9B on chromosome X with exit status 7"
"TAZ","","gene_error","PLINK failed for TAZ on chromosome X with exit status 7"
"TBC1D25","","gene_error","PLINK failed for TBC1D25 on chromosome X with exit status 7"
"TBC1D8B","","gene_error","PLINK failed for TBC1D8B on chromosome X with exit status 7"
"TBL1X","","gene_error","PLINK failed for TBL1X on chromosome X with exit status 7"
"TBL1Y","","gene_error","PLINK failed for TBL1Y on chromosome Y with exit status 7"
"TBX22","","gene_error","PLINK failed for TBX22 on chromosome X with exit status 7"
"TCEAL1","","gene_error","PLINK failed for TCEAL1 on chromosome X with exit status 7"
"TCEAL2","","gene_error","PLINK failed for TCEAL2 on chromosome X with exit status 7"
"TCEAL3","","gene_error","PLINK failed for TCEAL3 on chromosome X with exit status 7"
"TCEAL4","","gene_error","PLINK failed for TCEAL4 on chromosome X with exit status 7"
"TCEAL5","","gene_error","PLINK failed for TCEAL5 on chromosome X with exit status 7"
"TCEAL6","","gene_error","PLINK failed for TCEAL6 on chromosome X with exit status 7"
"TCEAL7","","gene_error","PLINK failed for TCEAL7 on chromosome X with exit status 7"
"TCEAL8","","gene_error","PLINK failed for TCEAL8 on chromosome X with exit status 7"
"TCEAL9","","gene_error","PLINK failed for TCEAL9 on chromosome X with exit status 7"
"TCEANC","","gene_error","PLINK failed for TCEANC on chromosome X with exit status 7"
"TCP11X1","","gene_error","PLINK failed for TCP11X1 on chromosome X with exit status 7"
"TCP11X2","","gene_error","PLINK failed for TCP11X2 on chromosome X with exit status 7"
"TENM1","","gene_error","PLINK failed for TENM1 on chromosome X with exit status 7"
"TEX11","","gene_error","PLINK failed for TEX11 on chromosome X with exit status 7"
"TEX13A","","gene_error","PLINK failed for TEX13A on chromosome X with exit status 7"
"TEX13B","","gene_error","PLINK failed for TEX13B on chromosome X with exit status 7"
"TEX13C","","gene_error","PLINK failed for TEX13C on chromosome X with exit status 7"
"TEX13D","","gene_error","PLINK failed for TEX13D on chromosome X with exit status 7"
"TEX28","","gene_error","PLINK failed for TEX28 on chromosome X with exit status 7"
"TFDP3","","gene_error","PLINK failed for TFDP3 on chromosome X with exit status 7"
"TFE3","","gene_error","PLINK failed for TFE3 on chromosome X with exit status 7"
"TGIF2LX","","gene_error","PLINK failed for TGIF2LX on chromosome X with exit status 7"
"TGIF2LY","","gene_error","PLINK failed for TGIF2LY on chromosome Y with exit status 7"
"THOC2","","gene_error","PLINK failed for THOC2 on chromosome X with exit status 7"
"TIMM17B","","gene_error","PLINK failed for TIMM17B on chromosome X with exit status 7"
"TIMM8A","","gene_error","PLINK failed for TIMM8A on chromosome X with exit status 7"
"TIMP1","","gene_error","PLINK failed for TIMP1 on chromosome X with exit status 7"
"TKTL1","","gene_error","PLINK failed for TKTL1 on chromosome X with exit status 7"
"TLR7","","gene_error","PLINK failed for TLR7 on chromosome X with exit status 7"
"TLR8","","gene_error","PLINK failed for TLR8 on chromosome X with exit status 7"
"TMEM164","","gene_error","PLINK failed for TMEM164 on chromosome X with exit status 7"
"TMEM185A","","gene_error","PLINK failed for TMEM185A on chromosome X with exit status 7"
"TMEM187","","gene_error","PLINK failed for TMEM187 on chromosome X with exit status 7"
"TMEM255A","","gene_error","PLINK failed for TMEM255A on chromosome X with exit status 7"
"TMEM31","","gene_error","PLINK failed for TMEM31 on chromosome X with exit status 7"
"TMEM35A","","gene_error","PLINK failed for TMEM35A on chromosome X with exit status 7"
"TMEM47","","gene_error","PLINK failed for TMEM47 on chromosome X with exit status 7"
"TMLHE","","gene_error","PLINK failed for TMLHE on chromosome X with exit status 7"
"TMSB15A","","gene_error","PLINK failed for TMSB15A on chromosome X with exit status 7"
"TMSB15B","","gene_error","PLINK failed for TMSB15B on chromosome X with exit status 7"
"TMSB4X","","gene_error","PLINK failed for TMSB4X on chromosome X with exit status 7"
"TMSB4Y","","gene_error","PLINK failed for TMSB4Y on chromosome Y with exit status 7"
"TNMD","","gene_error","PLINK failed for TNMD on chromosome X with exit status 7"
"TRAPPC2","","gene_error","PLINK failed for TRAPPC2 on chromosome X with exit status 7"
"TREX2","","gene_error","PLINK failed for TREX2 on chromosome X with exit status 7"
"TRMT2B","","gene_error","PLINK failed for TRMT2B on chromosome X with exit status 7"
"TRO","","gene_error","PLINK failed for TRO on chromosome X with exit status 7"
"TRPC5","","gene_error","PLINK failed for TRPC5 on chromosome X with exit status 7"
"TRPC5OS","","gene_error","PLINK failed for TRPC5OS on chromosome X with exit status 7"
"TSC22D3","","gene_error","PLINK failed for TSC22D3 on chromosome X with exit status 7"
"TSPAN6","","gene_error","PLINK failed for TSPAN6 on chromosome X with exit status 7"
"TSPAN7","","gene_error","PLINK failed for TSPAN7 on chromosome X with exit status 7"
"TSPY1","","gene_error","PLINK failed for TSPY1 on chromosome Y with exit status 7"
"TSPY10","","gene_error","PLINK failed for TSPY10 on chromosome Y with exit status 7"
"TSPY2","","gene_error","PLINK failed for TSPY2 on chromosome Y with exit status 7"
"TSPY3","","gene_error","PLINK failed for TSPY3 on chromosome Y with exit status 7"
"TSPY4","","gene_error","PLINK failed for TSPY4 on chromosome Y with exit status 7"
"TSPY8","","gene_error","PLINK failed for TSPY8 on chromosome Y with exit status 7"
"TSPY9P","","gene_error","PLINK failed for TSPY9P on chromosome Y with exit status 7"
"TSPYL2","","gene_error","PLINK failed for TSPYL2 on chromosome X with exit status 7"
"TSR2","","gene_error","PLINK failed for TSR2 on chromosome X with exit status 7"
"TXLNG","","gene_error","PLINK failed for TXLNG on chromosome X with exit status 7"
"UBA1","","gene_error","PLINK failed for UBA1 on chromosome X with exit status 7"
"UBE2A","","gene_error","PLINK failed for UBE2A on chromosome X with exit status 7"
"UBL4A","","gene_error","PLINK failed for UBL4A on chromosome X with exit status 7"
"UBQLN2","","gene_error","PLINK failed for UBQLN2 on chromosome X with exit status 7"
"UPF3B","","gene_error","PLINK failed for UPF3B on chromosome X with exit status 7"
"UPRT","","gene_error","PLINK failed for UPRT on chromosome X with exit status 7"
"USP11","","gene_error","PLINK failed for USP11 on chromosome X with exit status 7"
"USP17L12","","no_successful_tissues","No tissue fits in result"
"USP17L19","","no_successful_tissues","No tissue fits in result"
"USP17L20","","no_successful_tissues","No tissue fits in result"
"USP17L21","","no_successful_tissues","No tissue fits in result"
"USP17L24","","no_successful_tissues","No tissue fits in result"
"USP17L25","","no_successful_tissues","No tissue fits in result"
"USP17L26","","no_successful_tissues","No tissue fits in result"
"USP17L27","","no_successful_tissues","No tissue fits in result"
"USP17L28","","no_successful_tissues","No tissue fits in result"
"USP17L29","","no_successful_tissues","No tissue fits in result"
"USP17L30","","no_successful_tissues","No tissue fits in result"
"USP26","","gene_error","PLINK failed for USP26 on chromosome X with exit status 7"
"USP27X","","gene_error","PLINK failed for USP27X on chromosome X with exit status 7"
"USP51","","gene_error","PLINK failed for USP51 on chromosome X with exit status 7"
"USP9X","","gene_error","PLINK failed for USP9X on chromosome X with exit status 7"
"USP9Y","","gene_error","PLINK failed for USP9Y on chromosome Y with exit status 7"
"UTP14A","","gene_error","PLINK failed for UTP14A on chromosome X with exit status 7"
"UTY","","gene_error","PLINK failed for UTY on chromosome Y with exit status 7"
"UXT","","gene_error","PLINK failed for UXT on chromosome X with exit status 7"
"VAMP7","","gene_error","PLINK failed for VAMP7 on chromosome X with exit status 7"
"VBP1","","gene_error","PLINK failed for VBP1 on chromosome X with exit status 7"
"VCX","","gene_error","PLINK failed for VCX on chromosome X with exit status 7"
"VCX2","","gene_error","PLINK failed for VCX2 on chromosome X with exit status 7"
"VCX3A","","gene_error","PLINK failed for VCX3A on chromosome X with exit status 7"
"VCX3B","","gene_error","PLINK failed for VCX3B on chromosome X with exit status 7"
"VCY","","gene_error","PLINK failed for VCY on chromosome Y with exit status 7"
"VCY1B","","gene_error","PLINK failed for VCY1B on chromosome Y with exit status 7"
"VEGFD","","gene_error","PLINK failed for VEGFD on chromosome X with exit status 7"
"VGLL1","","gene_error","PLINK failed for VGLL1 on chromosome X with exit status 7"
"VMA21","","gene_error","PLINK failed for VMA21 on chromosome X with exit status 7"
"VSIG1","","gene_error","PLINK failed for VSIG1 on chromosome X with exit status 7"
"VSIG4","","gene_error","PLINK failed for VSIG4 on chromosome X with exit status 7"
"WAS","","gene_error","PLINK failed for WAS on chromosome X with exit status 7"
"WASH6P","","gene_error","PLINK failed for WASH6P on chromosome X with exit status 7"
"WDR13","","gene_error","PLINK failed for WDR13 on chromosome X with exit status 7"
"WDR44","","gene_error","PLINK failed for WDR44 on chromosome X with exit status 7"
"WDR45","","gene_error","PLINK failed for WDR45 on chromosome X with exit status 7"
"WNK3","","gene_error","PLINK failed for WNK3 on chromosome X with exit status 7"
"WWC3","","gene_error","PLINK failed for WWC3 on chromosome X with exit status 7"
"XAGE1A","","gene_error","PLINK failed for XAGE1A on chromosome X with exit status 7"
"XAGE1B","","gene_error","PLINK failed for XAGE1B on chromosome X with exit status 7"
"XAGE2","","gene_error","PLINK failed for XAGE2 on chromosome X with exit status 7"
"XAGE3","","gene_error","PLINK failed for XAGE3 on chromosome X with exit status 7"
"XAGE5","","gene_error","PLINK failed for XAGE5 on chromosome X with exit status 7"
"XG","","gene_error","PLINK failed for XG on chromosome X with exit status 7"
"XIAP","","gene_error","PLINK failed for XIAP on chromosome X with exit status 7"
"XK","","gene_error","PLINK failed for XK on chromosome X with exit status 7"
"XKRX","","gene_error","PLINK failed for XKRX on chromosome X with exit status 7"
"XPNPEP2","","gene_error","PLINK failed for XPNPEP2 on chromosome X with exit status 7"
"YIPF6","","gene_error","PLINK failed for YIPF6 on chromosome X with exit status 7"
"YY2","","gene_error","PLINK failed for YY2 on chromosome X with exit status 7"
"ZBED1","","gene_error","PLINK failed for ZBED1 on chromosome X with exit status 7"
"ZBTB33","","gene_error","PLINK failed for ZBTB33 on chromosome X with exit status 7"
"ZBTB9","","no_successful_tissues","No tissue fits in result"
"ZC3H12B","","gene_error","PLINK failed for ZC3H12B on chromosome X with exit status 7"
"ZC4H2","","gene_error","PLINK failed for ZC4H2 on chromosome X with exit status 7"
"ZCCHC12","","gene_error","PLINK failed for ZCCHC12 on chromosome X with exit status 7"
"ZCCHC13","","gene_error","PLINK failed for ZCCHC13 on chromosome X with exit status 7"
"ZCCHC18","","gene_error","PLINK failed for ZCCHC18 on chromosome X with exit status 7"
"ZDHHC15","","gene_error","PLINK failed for ZDHHC15 on chromosome X with exit status 7"
"ZDHHC9","","gene_error","PLINK failed for ZDHHC9 on chromosome X with exit status 7"
"ZFP92","","gene_error","PLINK failed for ZFP92 on chromosome X with exit status 7"
"ZFX","","gene_error","PLINK failed for ZFX on chromosome X with exit status 7"
"ZFY","","gene_error","PLINK failed for ZFY on chromosome Y with exit status 7"
"ZIC3","","gene_error","PLINK failed for ZIC3 on chromosome X with exit status 7"
"ZMAT1","","gene_error","PLINK failed for ZMAT1 on chromosome X with exit status 7"
"ZMYM3","","gene_error","PLINK failed for ZMYM3 on chromosome X with exit status 7"
"ZNF157","","gene_error","PLINK failed for ZNF157 on chromosome X with exit status 7"
"ZNF182","","gene_error","PLINK failed for ZNF182 on chromosome X with exit status 7"
"ZNF185","","gene_error","PLINK failed for ZNF185 on chromosome X with exit status 7"
"ZNF275","","gene_error","PLINK failed for ZNF275 on chromosome X with exit status 7"
"ZNF280C","","gene_error","PLINK failed for ZNF280C on chromosome X with exit status 7"
"ZNF41","","gene_error","PLINK failed for ZNF41 on chromosome X with exit status 7"
"ZNF449","","gene_error","PLINK failed for ZNF449 on chromosome X with exit status 7"
"ZNF630","","gene_error","PLINK failed for ZNF630 on chromosome X with exit status 7"
"ZNF674","","gene_error","PLINK failed for ZNF674 on chromosome X with exit status 7"
"ZNF711","","gene_error","PLINK failed for ZNF711 on chromosome X with exit status 7"
"ZNF75D","","gene_error","PLINK failed for ZNF75D on chromosome X with exit status 7"
"ZNF81","","gene_error","PLINK failed for ZNF81 on chromosome X with exit status 7"
"ZRSR2","","gene_error","PLINK failed for ZRSR2 on chromosome X with exit status 7"
"ZXDA","","gene_error","PLINK failed for ZXDA on chromosome X with exit status 7"
"ZXDB","","gene_error","PLINK failed for ZXDB on chromosome X with exit status 7"
