gene,tissue,expected_coding,status,message,n_cs,cs_name,component_index,lead_predictor_index,lead_predictor,lead_snp,lead_coding,lead_pip,cs_size,n_genotype_0,n_genotype_1,n_genotype_2,output_file
VAT1L,Blood Vessel,recessive,plotted,Saved fit_mix has one CS with the expected lead coding,1,L1,1,6334,chr16_77881552_G_A_b38_G__recessive,chr16_77881552_G_A_b38_G,recessive,0.995275070515103,1,158,213,79,/project2/mstephens/wdenault/susie_mix/plot/one_cs_recessive/VAT1L_Blood Vessel_boxplot.png
SAPCD2,Blood,recessive,plotted,Saved fit_mix has one CS with the expected lead coding,1,L1,1,2640,chr9_137074745_G_C_b38_G__recessive,chr9_137074745_G_C_b38_G,recessive,0.397551853674616,4,207,174,54,/project2/mstephens/wdenault/susie_mix/plot/one_cs_recessive/SAPCD2_Blood_boxplot.png
KLK4,Adrenal Gland,recessive,plotted,Saved fit_mix has one CS with the expected lead coding,1,L1,1,3373,chr19_50891030_C_T_b38_C__recessive,chr19_50891030_C_T_b38_C,recessive,0.67735473217318,3,47,60,34,/project2/mstephens/wdenault/susie_mix/plot/one_cs_recessive/KLK4_Adrenal Gland_boxplot.png
CFHR1,Nerve,recessive,plotted,Saved fit_mix has one CS with the expected lead coding,1,L1,1,1468,chr1_196856834_A_G_b38_A__recessive,chr1_196856834_A_G_b38_A,recessive,0.310714423563571,4,145,149,60,/project2/mstephens/wdenault/susie_mix/plot/one_cs_recessive/CFHR1_Nerve_boxplot.png
CFHR1,Spleen,recessive,plotted,Saved fit_mix has one CS with the expected lead coding,1,L1,1,1473,chr1_196875463_A_G_b38_A__recessive,chr1_196875463_A_G_b38_A,recessive,0.579306274958953,10,69,54,23,/project2/mstephens/wdenault/susie_mix/plot/one_cs_recessive/CFHR1_Spleen_boxplot.png
HLA-DQB2,Adrenal Gland,recessive,plotted,Saved fit_mix has one CS with the expected lead coding,1,L1,1,15629,chr6_32659473_C_A_b38_C__recessive,chr6_32659473_C_A_b38_C,recessive,0.225568409944186,254,39,77,25,/project2/mstephens/wdenault/susie_mix/plot/one_cs_recessive/HLA-DQB2_Adrenal Gland_boxplot.png
HLA-DQB2,Prostate,recessive,plotted,Saved fit_mix has one CS with the expected lead coding,1,L1,1,14973,chr6_32654396_T_C_b38_T__recessive,chr6_32654396_T_C_b38_T,recessive,0.125903895363003,179,43,69,31,/project2/mstephens/wdenault/susie_mix/plot/one_cs_recessive/HLA-DQB2_Prostate_boxplot.png
HLA-DQB2,Small Intestine,recessive,plotted,Saved fit_mix has one CS with the expected lead coding,1,L1,1,15514,chr6_32655698_C_G_b38_C__recessive,chr6_32655698_C_G_b38_C,recessive,0.0250106691210356,263,39,56,20,/project2/mstephens/wdenault/susie_mix/plot/one_cs_recessive/HLA-DQB2_Small Intestine_boxplot.png
IRF6,Nerve,recessive,plotted,Saved fit_mix has one CS with the expected lead coding,1,L1,1,2772,chr1_209846356_G_A_b38_G__recessive,chr1_209846356_G_A_b38_G,recessive,0.176549716106342,24,156,148,50,/project2/mstephens/wdenault/susie_mix/plot/one_cs_recessive/IRF6_Nerve_boxplot.png
MYRF,Liver,recessive,plotted,Saved fit_mix has one CS with the expected lead coding,1,L1,1,1732,chr11_61753846_G_A_b38_G__recessive,chr11_61753846_G_A_b38_G,recessive,0.393967949645718,4,39,68,33,/project2/mstephens/wdenault/susie_mix/plot/one_cs_recessive/MYRF_Liver_boxplot.png
TPSB2,Adipose Tissue,recessive,plotted,Saved fit_mix has one CS with the expected lead coding,1,L1,1,4276,chr16_1255825_G_C_b38_G__recessive,chr16_1255825_G_C_b38_G,recessive,0.179397042541289,8,219,213,38,/project2/mstephens/wdenault/susie_mix/plot/one_cs_recessive/TPSB2_Adipose Tissue_boxplot.png
TPSB2,Esophagus,recessive,plotted,Saved fit_mix has one CS with the expected lead coding,1,L1,1,4220,chr16_1230423_A_G_b38_A__recessive,chr16_1230423_A_G_b38_A,recessive,0.374744099302697,15,278,118,16,/project2/mstephens/wdenault/susie_mix/plot/one_cs_recessive/TPSB2_Esophagus_boxplot.png
WASHC1,Pancreas,recessive,plotted,Saved fit_mix has one CS with the expected lead coding,1,L1,1,1846,chr9_42917_A_C_b38_A__recessive,chr9_42917_A_C_b38_A,recessive,0.369712984520043,11,61,81,38,/project2/mstephens/wdenault/susie_mix/plot/one_cs_recessive/WASHC1_Pancreas_boxplot.png
PM20D1,Stomach,recessive,plotted,Saved fit_mix has one CS with the expected lead coding,1,L1,1,2506,chr1_205830859_T_A_b38_T__recessive,chr1_205830859_T_A_b38_T,recessive,0.08428840791796,33,74,89,26,/project2/mstephens/wdenault/susie_mix/plot/one_cs_recessive/PM20D1_Stomach_boxplot.png
LGALS3,Pituitary,recessive,plotted,Saved fit_mix has one CS with the expected lead coding,1,L1,1,2729,chr14_55144222_C_G_b38_C__recessive,chr14_55144222_C_G_b38_C,recessive,0.0837315023257256,140,77,80,44,/project2/mstephens/wdenault/susie_mix/plot/one_cs_recessive/LGALS3_Pituitary_boxplot.png
ETV7,Blood,recessive,plotted,Saved fit_mix has one CS with the expected lead coding,1,L1,1,2600,chr6_36388545_C_T_b38_C__recessive,chr6_36388545_C_T_b38_C,recessive,0.304276239344334,17,112,216,107,/project2/mstephens/wdenault/susie_mix/plot/one_cs_recessive/ETV7_Blood_boxplot.png
TSPAN5,Muscle,recessive,plotted,Saved fit_mix has one CS with the expected lead coding,1,L1,1,2537,chr4_98610662_G_A_b38_G__recessive,chr4_98610662_G_A_b38_G,recessive,0.282640134726822,22,119,247,111,/project2/mstephens/wdenault/susie_mix/plot/one_cs_recessive/TSPAN5_Muscle_boxplot.png
MT1E,Pituitary,recessive,plotted,Saved fit_mix has one CS with the expected lead coding,1,L1,1,2837,chr16_56625613_C_G_b38_C__recessive,chr16_56625613_C_G_b38_C,recessive,0.640569969745074,2,56,100,45,/project2/mstephens/wdenault/susie_mix/plot/one_cs_recessive/MT1E_Pituitary_boxplot.png
MT1E,Skin,recessive,plotted,Saved fit_mix has one CS with the expected lead coding,1,L1,1,3046,chr16_56625613_C_G_b38_C__recessive,chr16_56625613_C_G_b38_C,recessive,0.805370157338304,2,168,241,113,/project2/mstephens/wdenault/susie_mix/plot/one_cs_recessive/MT1E_Skin_boxplot.png
CYP4F11,Esophagus,recessive,plotted,Saved fit_mix has one CS with the expected lead coding,1,L1,1,5570,chr19_15934939_G_A_b38_G__recessive,chr19_15934939_G_A_b38_G,recessive,0.90108290602056,3,118,204,90,/project2/mstephens/wdenault/susie_mix/plot/one_cs_recessive/CYP4F11_Esophagus_boxplot.png
CYP4F11,Small Intestine,recessive,plotted,Saved fit_mix has one CS with the expected lead coding,1,L1,1,5062,chr19_15935840_C_A_b38_C__recessive,chr19_15935840_C_A_b38_C,recessive,0.423822896883631,7,47,51,17,/project2/mstephens/wdenault/susie_mix/plot/one_cs_recessive/CYP4F11_Small Intestine_boxplot.png
MRI1,Muscle,recessive,plotted,Saved fit_mix has one CS with the expected lead coding,1,L1,1,2979,chr19_13760740_T_C_b38_T__recessive,chr19_13760740_T_C_b38_T,recessive,0.202154845398582,10,141,235,101,/project2/mstephens/wdenault/susie_mix/plot/one_cs_recessive/MRI1_Muscle_boxplot.png
POLE,Muscle,recessive,plotted,Saved fit_mix has one CS with the expected lead coding,1,L1,1,4121,chr12_132706117_C_G_b38_C__recessive,chr12_132706117_C_G_b38_C,recessive,0.120606079531017,84,136,211,130,/project2/mstephens/wdenault/susie_mix/plot/one_cs_recessive/POLE_Muscle_boxplot.png
PALM3,Salivary Gland,recessive,plotted,Saved fit_mix has one CS with the expected lead coding,1,L1,1,2438,chr19_14062084_G_C_b38_G__recessive,chr19_14062084_G_C_b38_G,recessive,0.423720482685096,5,34,49,28,/project2/mstephens/wdenault/susie_mix/plot/one_cs_recessive/PALM3_Salivary Gland_boxplot.png
PALM3,Prostate,recessive,plotted,Saved fit_mix has one CS with the expected lead coding,1,L1,1,2447,chr19_14062139_T_G_b38_T__recessive,chr19_14062139_T_G_b38_T,recessive,0.359479811820949,6,50,65,28,/project2/mstephens/wdenault/susie_mix/plot/one_cs_recessive/PALM3_Prostate_boxplot.png
GTF2A1L,Vagina,recessive,plotted,Saved fit_mix has one CS with the expected lead coding,1,L1,1,3015,chr2_48595242_G_A_b38_G__recessive,chr2_48595242_G_A_b38_G,recessive,0.673785107843187,2,20,43,20,/project2/mstephens/wdenault/susie_mix/plot/one_cs_recessive/GTF2A1L_Vagina_boxplot.png
GLB1L2,Colon,recessive,plotted,Saved fit_mix has one CS with the expected lead coding,1,L1,1,3528,chr11_134351953_C_G_b38_C__recessive,chr11_134351953_C_G_b38_C,recessive,0.731312151883239,2,79,175,78,/project2/mstephens/wdenault/susie_mix/plot/one_cs_recessive/GLB1L2_Colon_boxplot.png
HUNK,Liver,recessive,plotted,Saved fit_mix has one CS with the expected lead coding,1,L1,1,3164,chr21_31981834_C_T_b38_C__recessive,chr21_31981834_C_T_b38_C,recessive,0.23902809532631,6,43,56,41,/project2/mstephens/wdenault/susie_mix/plot/one_cs_recessive/HUNK_Liver_boxplot.png
ZNF320,Muscle,recessive,plotted,Saved fit_mix has one CS with the expected lead coding,1,L1,1,6154,chr19_52897507_C_A_b38_C__recessive,chr19_52897507_C_A_b38_C,recessive,0.512824322366707,2,137,216,124,/project2/mstephens/wdenault/susie_mix/plot/one_cs_recessive/ZNF320_Muscle_boxplot.png
RBM6,Blood Vessel,recessive,plotted,Saved fit_mix has one CS with the expected lead coding,1,L1,1,1542,chr3_49959631_T_C_b38_T__recessive,chr3_49959631_T_C_b38_T,recessive,0.072136743598848,169,112,220,118,/project2/mstephens/wdenault/susie_mix/plot/one_cs_recessive/RBM6_Blood Vessel_boxplot.png
REEP1,Pancreas,recessive,plotted,Saved fit_mix has one CS with the expected lead coding,1,L1,1,2518,chr2_86349102_A_G_b38_A__recessive,chr2_86349102_A_G_b38_A,recessive,0.172108962482374,11,100,61,19,/project2/mstephens/wdenault/susie_mix/plot/one_cs_recessive/REEP1_Pancreas_boxplot.png
LOXHD1,Blood,recessive,plotted,Saved fit_mix has one CS with the expected lead coding,1,L1,1,2399,chr18_46594590_C_T_b38_C__recessive,chr18_46594590_C_T_b38_C,recessive,0.421106669218466,5,134,201,100,/project2/mstephens/wdenault/susie_mix/plot/one_cs_recessive/LOXHD1_Blood_boxplot.png
TMEM50B,Small Intestine,recessive,plotted,Saved fit_mix has one CS with the expected lead coding,1,L1,1,2560,chr21_33430639_G_A_b38_G__recessive,chr21_33430639_G_A_b38_G,recessive,0.0147107999174534,73,37,47,31,/project2/mstephens/wdenault/susie_mix/plot/one_cs_recessive/TMEM50B_Small Intestine_boxplot.png
UGT2B17,Colon,recessive,plotted,Saved fit_mix has one CS with the expected lead coding,1,L1,1,3082,chr4_68625465_G_T_b38_G__recessive,chr4_68625465_G_T_b38_G,recessive,0.999832113339261,1,161,139,32,/project2/mstephens/wdenault/susie_mix/plot/one_cs_recessive/UGT2B17_Colon_boxplot.png
UGT2B17,Small Intestine,recessive,plotted,Saved fit_mix has one CS with the expected lead coding,1,L1,1,2973,chr4_68625465_G_T_b38_G__recessive,chr4_68625465_G_T_b38_G,recessive,0.474829590940538,26,53,51,11,/project2/mstephens/wdenault/susie_mix/plot/one_cs_recessive/UGT2B17_Small Intestine_boxplot.png
NDUFV1,Nerve,recessive,plotted,Saved fit_mix has one CS with the expected lead coding,1,L1,1,2353,chr11_67607110_T_C_b38_T__recessive,chr11_67607110_T_C_b38_T,recessive,0.174938692111975,23,119,174,61,/project2/mstephens/wdenault/susie_mix/plot/one_cs_recessive/NDUFV1_Nerve_boxplot.png
FIGNL1,Adrenal Gland,recessive,plotted,Saved fit_mix has one CS with the expected lead coding,1,L1,1,2735,chr7_50394440_A_G_b38_A__recessive,chr7_50394440_A_G_b38_A,recessive,0.784363239321247,8,41,70,30,/project2/mstephens/wdenault/susie_mix/plot/one_cs_recessive/FIGNL1_Adrenal Gland_boxplot.png
LGALS9C,Spleen,recessive,plotted,Saved fit_mix has one CS with the expected lead coding,1,L1,1,2294,chr17_18638462_A_G_b38_A__recessive,chr17_18638462_A_G_b38_A,recessive,0.111943837095066,16,48,69,29,/project2/mstephens/wdenault/susie_mix/plot/one_cs_recessive/LGALS9C_Spleen_boxplot.png
SLC6A1,Thyroid,recessive,plotted,Saved fit_mix has one CS with the expected lead coding,1,L1,1,2936,chr3_10994894_A_C_b38_A__recessive,chr3_10994894_A_C_b38_A,recessive,0.197618417535524,19,120,212,58,/project2/mstephens/wdenault/susie_mix/plot/one_cs_recessive/SLC6A1_Thyroid_boxplot.png
MRPS10,Breast,recessive,plotted,Saved fit_mix has one CS with the expected lead coding,1,L1,1,2623,chr6_42211649_G_C_b38_G__recessive,chr6_42211649_G_C_b38_G,recessive,0.0255157619853494,95,93,134,42,/project2/mstephens/wdenault/susie_mix/plot/one_cs_recessive/MRPS10_Breast_boxplot.png
CBS,Stomach,recessive,plotted,Saved fit_mix has one CS with the expected lead coding,1,L1,1,3001,chr21_43028653_G_C_b38_G__recessive,chr21_43028653_G_C_b38_G,recessive,0.436967913334991,4,77,88,24,/project2/mstephens/wdenault/susie_mix/plot/one_cs_recessive/CBS_Stomach_boxplot.png
CBLN3,Ovary,recessive,plotted,Saved fit_mix has one CS with the expected lead coding,1,L1,1,2607,chr14_24429545_G_A_b38_G__recessive,chr14_24429545_G_A_b38_G,recessive,0.310429841708852,13,52,38,16,/project2/mstephens/wdenault/susie_mix/plot/one_cs_recessive/CBLN3_Ovary_boxplot.png
SNX10,Adipose Tissue,recessive,plotted,Saved fit_mix has one CS with the expected lead coding,1,L1,1,2798,chr7_26357619_C_A_b38_C__recessive,chr7_26357619_C_A_b38_C,recessive,0.870038827277734,2,146,234,90,/project2/mstephens/wdenault/susie_mix/plot/one_cs_recessive/SNX10_Adipose Tissue_boxplot.png
GPR108,Esophagus,recessive,plotted,Saved fit_mix has one CS with the expected lead coding,1,L1,1,4113,chr19_6737228_T_C_b38_T__recessive,chr19_6737228_T_C_b38_T,recessive,0.401898010802482,9,199,163,50,/project2/mstephens/wdenault/susie_mix/plot/one_cs_recessive/GPR108_Esophagus_boxplot.png
TMEM132B,Esophagus,recessive,plotted,Saved fit_mix has one CS with the expected lead coding,1,L1,1,3825,chr12_125314587_A_G_b38_A__recessive,chr12_125314587_A_G_b38_A,recessive,0.0738160772853757,21,183,185,44,/project2/mstephens/wdenault/susie_mix/plot/one_cs_recessive/TMEM132B_Esophagus_boxplot.png
LY6G5C,Spleen,recessive,plotted,Saved fit_mix has one CS with the expected lead coding,1,L1,1,10742,chr6_31661319_T_C_b38_T__recessive,chr6_31661319_T_C_b38_T,recessive,0.0565241022118936,24,65,64,17,/project2/mstephens/wdenault/susie_mix/plot/one_cs_recessive/LY6G5C_Spleen_boxplot.png
MILR1,Blood,recessive,plotted,Saved fit_mix has one CS with the expected lead coding,1,L1,1,1595,chr17_64448998_C_T_b38_C__recessive,chr17_64448998_C_T_b38_C,recessive,0.833432722764664,2,131,222,82,/project2/mstephens/wdenault/susie_mix/plot/one_cs_recessive/MILR1_Blood_boxplot.png
ST7L,Thyroid,recessive,plotted,Saved fit_mix has one CS with the expected lead coding,1,L1,1,2444,chr1_112520503_A_G_b38_A__recessive,chr1_112520503_A_G_b38_A,recessive,0.0619387125394613,58,108,194,88,/project2/mstephens/wdenault/susie_mix/plot/one_cs_recessive/ST7L_Thyroid_boxplot.png
ZKSCAN2,Nerve,recessive,plotted,Saved fit_mix has one CS with the expected lead coding,1,L1,1,3003,chr16_25258324_G_T_b38_G__recessive,chr16_25258324_G_T_b38_G,recessive,0.556900127556361,31,156,151,47,/project2/mstephens/wdenault/susie_mix/plot/one_cs_recessive/ZKSCAN2_Nerve_boxplot.png
LRPAP1,Blood Vessel,recessive,plotted,Saved fit_mix has one CS with the expected lead coding,1,L1,1,3929,chr4_3492369_C_T_b38_C__recessive,chr4_3492369_C_T_b38_C,recessive,0.207541660643344,37,312,121,17,/project2/mstephens/wdenault/susie_mix/plot/one_cs_recessive/LRPAP1_Blood Vessel_boxplot.png
TPD52,Adrenal Gland,recessive,plotted,Saved fit_mix has one CS with the expected lead coding,1,L1,1,2000,chr8_80099657_C_T_b38_C__recessive,chr8_80099657_C_T_b38_C,recessive,0.139580307412527,33,47,59,35,/project2/mstephens/wdenault/susie_mix/plot/one_cs_recessive/TPD52_Adrenal Gland_boxplot.png
AGAP4,Stomach,recessive,plotted,Saved fit_mix has one CS with the expected lead coding,1,L1,1,2660,chr10_45848036_A_C_b38_A__recessive,chr10_45848036_A_C_b38_A,recessive,0.0296339422491045,84,73,85,31,/project2/mstephens/wdenault/susie_mix/plot/one_cs_recessive/AGAP4_Stomach_boxplot.png
PSMG1,Blood Vessel,recessive,plotted,Saved fit_mix has one CS with the expected lead coding,1,L1,1,4173,chr21_39308268_G_A_b38_G__recessive,chr21_39308268_G_A_b38_G,recessive,0.132545804743117,96,154,214,82,/project2/mstephens/wdenault/susie_mix/plot/one_cs_recessive/PSMG1_Blood Vessel_boxplot.png
SPOCK2,Adrenal Gland,recessive,plotted,Saved fit_mix has one CS with the expected lead coding,1,L1,1,2590,chr10_72068990_C_T_b38_C__recessive,chr10_72068990_C_T_b38_C,recessive,0.1957456802327,8,46,69,26,/project2/mstephens/wdenault/susie_mix/plot/one_cs_recessive/SPOCK2_Adrenal Gland_boxplot.png
DNAJC15,Blood,recessive,plotted,Saved fit_mix has one CS with the expected lead coding,1,L1,1,3239,chr13_43023570_C_T_b38_C__recessive,chr13_43023570_C_T_b38_C,recessive,0.287722173673953,8,271,142,22,/project2/mstephens/wdenault/susie_mix/plot/one_cs_recessive/DNAJC15_Blood_boxplot.png
CHI3L2,Spleen,recessive,plotted,Saved fit_mix has one CS with the expected lead coding,1,L1,1,3267,chr1_111225954_G_A_b38_G__recessive,chr1_111225954_G_A_b38_G,recessive,0.45141069931472,4,75,54,17,/project2/mstephens/wdenault/susie_mix/plot/one_cs_recessive/CHI3L2_Spleen_boxplot.png
SLCO1B3,Testis,recessive,plotted,Saved fit_mix has one CS with the expected lead coding,1,L1,1,3761,chr12_20835435_T_C_b38_T__recessive,chr12_20835435_T_C_b38_T,recessive,0.160995700718271,20,43,109,59,/project2/mstephens/wdenault/susie_mix/plot/one_cs_recessive/SLCO1B3_Testis_boxplot.png
CC2D1B,Breast,recessive,plotted,Saved fit_mix has one CS with the expected lead coding,1,L1,1,1250,chr1_52319488_G_A_b38_G__recessive,chr1_52319488_G_A_b38_G,recessive,0.646038149748651,19,76,125,68,/project2/mstephens/wdenault/susie_mix/plot/one_cs_recessive/CC2D1B_Breast_boxplot.png
ANKRD34B,Blood,recessive,plotted,Saved fit_mix has one CS with the expected lead coding,1,L1,1,3997,chr5_80654678_C_T_b38_C__recessive,chr5_80654678_C_T_b38_C,recessive,0.0495003724808622,212,245,156,34,/project2/mstephens/wdenault/susie_mix/plot/one_cs_recessive/ANKRD34B_Blood_boxplot.png
ANAPC4,Pancreas,recessive,plotted,Saved fit_mix has one CS with the expected lead coding,1,L1,1,3189,chr4_25393278_T_G_b38_T__recessive,chr4_25393278_T_G_b38_T,recessive,0.0435457177294015,116,52,84,44,/project2/mstephens/wdenault/susie_mix/plot/one_cs_recessive/ANAPC4_Pancreas_boxplot.png
INTS1,Blood,recessive,plotted,Saved fit_mix has one CS with the expected lead coding,1,L1,1,4017,chr7_1507579_C_T_b38_C__recessive,chr7_1507579_C_T_b38_C,recessive,0.118220083667826,149,149,203,83,/project2/mstephens/wdenault/susie_mix/plot/one_cs_recessive/INTS1_Blood_boxplot.png
NPTX1,Skin,recessive,plotted,Saved fit_mix has one CS with the expected lead coding,1,L1,1,4555,chr17_80694135_T_C_b38_T__recessive,chr17_80694135_T_C_b38_T,recessive,0.0457132900932598,35,316,171,35,/project2/mstephens/wdenault/susie_mix/plot/one_cs_recessive/NPTX1_Skin_boxplot.png
SLC29A3,Testis,recessive,plotted,Saved fit_mix has one CS with the expected lead coding,1,L1,1,3658,chr10_71379576_C_T_b38_C__recessive,chr10_71379576_C_T_b38_C,recessive,0.0932177380875927,20,66,84,61,/project2/mstephens/wdenault/susie_mix/plot/one_cs_recessive/SLC29A3_Testis_boxplot.png
RGS11,Blood Vessel,recessive,plotted,Saved fit_mix has one CS with the expected lead coding,1,L1,1,2041,chr16_276040_A_T_b38_A__recessive,chr16_276040_A_T_b38_A,recessive,0.999988348454698,1,156,207,87,/project2/mstephens/wdenault/susie_mix/plot/one_cs_recessive/RGS11_Blood Vessel_boxplot.png
RGS11,Muscle,recessive,plotted,Saved fit_mix has one CS with the expected lead coding,1,L1,1,2045,chr16_276040_A_T_b38_A__recessive,chr16_276040_A_T_b38_A,recessive,0.981196018646985,1,159,231,87,/project2/mstephens/wdenault/susie_mix/plot/one_cs_recessive/RGS11_Muscle_boxplot.png
RAET1G,Adrenal Gland,recessive,plotted,Saved fit_mix has one CS with the expected lead coding,1,L1,1,3114,chr6_149886999_T_C_b38_T__recessive,chr6_149886999_T_C_b38_T,recessive,0.0526473963428678,45,42,75,24,/project2/mstephens/wdenault/susie_mix/plot/one_cs_recessive/RAET1G_Adrenal Gland_boxplot.png
L3HYPDH,Skin,recessive,plotted,Saved fit_mix has one CS with the expected lead coding,1,L1,1,3470,chr14_59473009_T_C_b38_T__recessive,chr14_59473009_T_C_b38_T,recessive,0.101716572037762,104,147,241,134,/project2/mstephens/wdenault/susie_mix/plot/one_cs_recessive/L3HYPDH_Skin_boxplot.png
L3HYPDH,Prostate,recessive,plotted,Saved fit_mix has one CS with the expected lead coding,1,L1,1,3007,chr14_59432317_T_A_b38_T__recessive,chr14_59432317_T_A_b38_T,recessive,0.0727198177841081,72,37,74,32,/project2/mstephens/wdenault/susie_mix/plot/one_cs_recessive/L3HYPDH_Prostate_boxplot.png
DOK7,Spleen,recessive,plotted,Saved fit_mix has one CS with the expected lead coding,1,L1,1,3531,chr4_3484033_T_C_b38_T__recessive,chr4_3484033_T_C_b38_T,recessive,0.191689433867914,5,54,61,31,/project2/mstephens/wdenault/susie_mix/plot/one_cs_recessive/DOK7_Spleen_boxplot.png
ADH1C,Adipose Tissue,recessive,plotted,Saved fit_mix has one CS with the expected lead coding,1,L1,1,3632,chr4_99349450_C_T_b38_C__recessive,chr4_99349450_C_T_b38_C,recessive,0.424345620710393,18,159,218,93,/project2/mstephens/wdenault/susie_mix/plot/one_cs_recessive/ADH1C_Adipose Tissue_boxplot.png
MSMB,Stomach,recessive,plotted,Saved fit_mix has one CS with the expected lead coding,1,L1,1,2240,chr10_46046326_A_G_b38_A__recessive,chr10_46046326_A_G_b38_A,recessive,0.492084235376053,63,72,77,40,/project2/mstephens/wdenault/susie_mix/plot/one_cs_recessive/MSMB_Stomach_boxplot.png
CARD14,Thyroid,recessive,plotted,Saved fit_mix has one CS with the expected lead coding,1,L1,1,3850,chr17_80205094_C_T_b38_C__recessive,chr17_80205094_C_T_b38_C,recessive,0.121914118112217,17,108,175,107,/project2/mstephens/wdenault/susie_mix/plot/one_cs_recessive/CARD14_Thyroid_boxplot.png
NUCB1,Esophagus,recessive,plotted,Saved fit_mix has one CS with the expected lead coding,1,L1,1,3355,chr19_48921668_C_T_b38_C__recessive,chr19_48921668_C_T_b38_C,recessive,0.164295522536474,11,196,147,69,/project2/mstephens/wdenault/susie_mix/plot/one_cs_recessive/NUCB1_Esophagus_boxplot.png
LRRC8B,Nerve,recessive,plotted,Saved fit_mix has one CS with the expected lead coding,1,L1,1,2699,chr1_89578606_A_C_b38_A__recessive,chr1_89578606_A_C_b38_A,recessive,0.0491578483986581,63,108,184,62,/project2/mstephens/wdenault/susie_mix/plot/one_cs_recessive/LRRC8B_Nerve_boxplot.png
PSRC1,Pituitary,recessive,plotted,Saved fit_mix has one CS with the expected lead coding,1,L1,1,2603,chr1_109282969_C_T_b38_C__recessive,chr1_109282969_C_T_b38_C,recessive,0.220984884778985,8,103,71,27,/project2/mstephens/wdenault/susie_mix/plot/one_cs_recessive/PSRC1_Pituitary_boxplot.png
DNAH11,Skin,recessive,plotted,Saved fit_mix has one CS with the expected lead coding,1,L1,1,4258,chr7_21543901_C_A_b38_C__recessive,chr7_21543901_C_A_b38_C,recessive,0.0814142883944217,14,142,273,107,/project2/mstephens/wdenault/susie_mix/plot/one_cs_recessive/DNAH11_Skin_boxplot.png
ZDHHC2,Blood,recessive,plotted,Saved fit_mix has one CS with the expected lead coding,1,L1,1,4718,chr8_17158715_A_C_b38_A__recessive,chr8_17158715_A_C_b38_A,recessive,0.266735669607955,8,147,187,101,/project2/mstephens/wdenault/susie_mix/plot/one_cs_recessive/ZDHHC2_Blood_boxplot.png
GRAMD4,Thyroid,recessive,plotted,Saved fit_mix has one CS with the expected lead coding,1,L1,1,3855,chr22_46589890_C_G_b38_C__recessive,chr22_46589890_C_G_b38_C,recessive,0.693330751515051,31,107,163,120,/project2/mstephens/wdenault/susie_mix/plot/one_cs_recessive/GRAMD4_Thyroid_boxplot.png
PDE6A,Adrenal Gland,recessive,plotted,Saved fit_mix has one CS with the expected lead coding,1,L1,1,2639,chr5_149888036_G_C_b38_G__recessive,chr5_149888036_G_C_b38_G,recessive,0.744390911921801,2,60,59,22,/project2/mstephens/wdenault/susie_mix/plot/one_cs_recessive/PDE6A_Adrenal Gland_boxplot.png
RPS9,Lung,recessive,plotted,Saved fit_mix has one CS with the expected lead coding,1,L1,1,4590,chr19_54201720_A_G_b38_A__recessive,chr19_54201720_A_G_b38_A,recessive,0.0279801668137984,36,135,139,49,/project2/mstephens/wdenault/susie_mix/plot/one_cs_recessive/RPS9_Lung_boxplot.png
VAMP1,Pancreas,recessive,plotted,Saved fit_mix has one CS with the expected lead coding,1,L1,1,2902,chr12_6463025_T_C_b38_T__recessive,chr12_6463025_T_C_b38_T,recessive,0.332744817910537,40,55,82,43,/project2/mstephens/wdenault/susie_mix/plot/one_cs_recessive/VAMP1_Pancreas_boxplot.png
PAQR5,Adipose Tissue,recessive,plotted,Saved fit_mix has one CS with the expected lead coding,1,L1,1,1764,chr15_69314302_C_G_b38_C__recessive,chr15_69314302_C_G_b38_C,recessive,0.178615043442247,46,155,214,101,/project2/mstephens/wdenault/susie_mix/plot/one_cs_recessive/PAQR5_Adipose Tissue_boxplot.png
CDC16,Adipose Tissue,recessive,plotted,Saved fit_mix has one CS with the expected lead coding,1,L1,1,2617,chr13_114232601_C_T_b38_C__recessive,chr13_114232601_C_T_b38_C,recessive,0.0813202319867324,42,263,163,44,/project2/mstephens/wdenault/susie_mix/plot/one_cs_recessive/CDC16_Adipose Tissue_boxplot.png
CDRT4,Esophagus,recessive,plotted,Saved fit_mix has one CS with the expected lead coding,1,L1,1,3323,chr17_15540428_C_G_b38_C__recessive,chr17_15540428_C_G_b38_C,recessive,0.461234610420507,7,171,184,57,/project2/mstephens/wdenault/susie_mix/plot/one_cs_recessive/CDRT4_Esophagus_boxplot.png
CDRT4,Adipose Tissue,recessive,plotted,Saved fit_mix has one CS with the expected lead coding,1,L1,1,3354,chr17_15543515_A_T_b38_A__recessive,chr17_15543515_A_T_b38_A,recessive,0.430775343985516,16,199,204,67,/project2/mstephens/wdenault/susie_mix/plot/one_cs_recessive/CDRT4_Adipose Tissue_boxplot.png
LSM7,Pituitary,recessive,plotted,Saved fit_mix has one CS with the expected lead coding,1,L1,1,3359,chr19_2322322_G_A_b38_G__recessive,chr19_2322322_G_A_b38_G,recessive,0.118935218985116,21,75,91,35,/project2/mstephens/wdenault/susie_mix/plot/one_cs_recessive/LSM7_Pituitary_boxplot.png
SLC47A1,Adipose Tissue,recessive,plotted,Saved fit_mix has one CS with the expected lead coding,1,L1,1,885,chr17_19535008_T_C_b38_T__recessive,chr17_19535008_T_C_b38_T,recessive,0.229042207734062,16,178,225,67,/project2/mstephens/wdenault/susie_mix/plot/one_cs_recessive/SLC47A1_Adipose Tissue_boxplot.png
GGCX,Spleen,recessive,plotted,Saved fit_mix has one CS with the expected lead coding,1,L1,1,3054,chr2_85582866_C_T_b38_C__recessive,chr2_85582866_C_T_b38_C,recessive,0.105686845256273,47,41,68,37,/project2/mstephens/wdenault/susie_mix/plot/one_cs_recessive/GGCX_Spleen_boxplot.png
FTSJ3,Muscle,recessive,plotted,Saved fit_mix has one CS with the expected lead coding,1,L1,1,1689,chr17_63721364_A_G_b38_A__recessive,chr17_63721364_A_G_b38_A,recessive,0.0371573403624312,241,202,212,63,/project2/mstephens/wdenault/susie_mix/plot/one_cs_recessive/FTSJ3_Muscle_boxplot.png
F2R,Adipose Tissue,recessive,plotted,Saved fit_mix has one CS with the expected lead coding,1,L1,1,3499,chr5_76750006_A_G_b38_A__recessive,chr5_76750006_A_G_b38_A,recessive,0.114335686674055,18,201,202,67,/project2/mstephens/wdenault/susie_mix/plot/one_cs_recessive/F2R_Adipose Tissue_boxplot.png
SERHL2,Prostate,recessive,plotted,Saved fit_mix has one CS with the expected lead coding,1,L1,1,3155,chr22_42530182_G_T_b38_G__recessive,chr22_42530182_G_T_b38_G,recessive,0.565915008251084,11,45,63,35,/project2/mstephens/wdenault/susie_mix/plot/one_cs_recessive/SERHL2_Prostate_boxplot.png
STEAP2,Muscle,recessive,plotted,Saved fit_mix has one CS with the expected lead coding,1,L1,1,3411,chr7_90129031_G_A_b38_G__recessive,chr7_90129031_G_A_b38_G,recessive,0.0622841040065586,106,247,193,37,/project2/mstephens/wdenault/susie_mix/plot/one_cs_recessive/STEAP2_Muscle_boxplot.png
CENPQ,Lung,recessive,plotted,Saved fit_mix has one CS with the expected lead coding,1,L1,1,2478,chr6_49438635_A_G_b38_A__recessive,chr6_49438635_A_G_b38_A,recessive,0.0207490095517568,74,112,158,53,/project2/mstephens/wdenault/susie_mix/plot/one_cs_recessive/CENPQ_Lung_boxplot.png
PNP,Nerve,recessive,plotted,Saved fit_mix has one CS with the expected lead coding,1,L1,1,4574,chr14_20470092_A_C_b38_A__recessive,chr14_20470092_A_C_b38_A,recessive,0.495606128594598,7,219,110,25,/project2/mstephens/wdenault/susie_mix/plot/one_cs_recessive/PNP_Nerve_boxplot.png
THBS4,Lung,recessive,plotted,Saved fit_mix has one CS with the expected lead coding,1,L1,1,3306,chr5_79978423_C_G_b38_C__recessive,chr5_79978423_C_G_b38_C,recessive,0.254560990273549,123,114,144,65,/project2/mstephens/wdenault/susie_mix/plot/one_cs_recessive/THBS4_Lung_boxplot.png
RASA3,Testis,recessive,plotted,Saved fit_mix has one CS with the expected lead coding,1,L1,1,2245,chr13_114042599_T_C_b38_T__recessive,chr13_114042599_T_C_b38_T,recessive,0.121293153222558,123,56,102,53,/project2/mstephens/wdenault/susie_mix/plot/one_cs_recessive/RASA3_Testis_boxplot.png
GPA33,Lung,recessive,plotted,Saved fit_mix has one CS with the expected lead coding,1,L1,1,3050,chr1_167092160_C_T_b38_C__recessive,chr1_167092160_C_T_b38_C,recessive,0.0698436548043175,20,112,166,45,/project2/mstephens/wdenault/susie_mix/plot/one_cs_recessive/GPA33_Lung_boxplot.png
CDKL1,Thyroid,recessive,plotted,Saved fit_mix has one CS with the expected lead coding,1,L1,1,2959,chr14_50396275_T_C_b38_T__recessive,chr14_50396275_T_C_b38_T,recessive,0.545508263885751,5,116,190,84,/project2/mstephens/wdenault/susie_mix/plot/one_cs_recessive/CDKL1_Thyroid_boxplot.png
COL18A1,Blood,recessive,plotted,Saved fit_mix has one CS with the expected lead coding,1,L1,1,3692,chr21_45479205_C_T_b38_C__recessive,chr21_45479205_C_T_b38_C,recessive,0.0451097835334211,37,284,125,26,/project2/mstephens/wdenault/susie_mix/plot/one_cs_recessive/COL18A1_Blood_boxplot.png
TNFRSF10A,Skin,recessive,plotted,Saved fit_mix has one CS with the expected lead coding,1,L1,1,3913,chr8_23225458_G_T_b38_G__recessive,chr8_23225458_G_T_b38_G,recessive,0.874072137079623,2,132,263,127,/project2/mstephens/wdenault/susie_mix/plot/one_cs_recessive/TNFRSF10A_Skin_boxplot.png
PSD4,Pancreas,recessive,plotted,Saved fit_mix has one CS with the expected lead coding,1,L1,1,3516,chr2_113174854_T_C_b38_T__recessive,chr2_113174854_T_C_b38_T,recessive,0.152555299788716,14,50,95,35,/project2/mstephens/wdenault/susie_mix/plot/one_cs_recessive/PSD4_Pancreas_boxplot.png
WDSUB1,Thyroid,recessive,plotted,Saved fit_mix has one CS with the expected lead coding,1,L1,1,3307,chr2_159215193_C_T_b38_C__recessive,chr2_159215193_C_T_b38_C,recessive,0.115033465944017,17,185,159,46,/project2/mstephens/wdenault/susie_mix/plot/one_cs_recessive/WDSUB1_Thyroid_boxplot.png
CYP2A7,Vagina,recessive,plotted,Saved fit_mix has one CS with the expected lead coding,1,L1,1,2754,chr19_40876275_G_C_b38_G__recessive,chr19_40876275_G_C_b38_G,recessive,0.0304181673513755,68,27,33,23,/project2/mstephens/wdenault/susie_mix/plot/one_cs_recessive/CYP2A7_Vagina_boxplot.png
OCLN,Testis,recessive,plotted,Saved fit_mix has one CS with the expected lead coding,1,L1,1,1729,chr5_69465607_A_C_b38_A__recessive,chr5_69465607_A_C_b38_A,recessive,0.804454039025509,2,72,100,39,/project2/mstephens/wdenault/susie_mix/plot/one_cs_recessive/OCLN_Testis_boxplot.png
ZNF519,Adipose Tissue,recessive,plotted,Saved fit_mix has one CS with the expected lead coding,1,L1,1,3714,chr18_14027617_T_C_b38_T__recessive,chr18_14027617_T_C_b38_T,recessive,0.300840155253777,13,132,225,113,/project2/mstephens/wdenault/susie_mix/plot/one_cs_recessive/ZNF519_Adipose Tissue_boxplot.png
HPD,Blood,recessive,plotted,Saved fit_mix has one CS with the expected lead coding,1,L1,1,2220,chr12_121853539_G_A_b38_G__recessive,chr12_121853539_G_A_b38_G,recessive,0.22328892500648,9,117,221,97,/project2/mstephens/wdenault/susie_mix/plot/one_cs_recessive/HPD_Blood_boxplot.png
METTL7B,Blood,recessive,plotted,Saved fit_mix has one CS with the expected lead coding,1,L1,1,2432,chr12_55675354_C_T_b38_C__recessive,chr12_55675354_C_T_b38_C,recessive,0.337525177562068,4,239,157,39,/project2/mstephens/wdenault/susie_mix/plot/one_cs_recessive/METTL7B_Blood_boxplot.png
SNX31,Esophagus,recessive,plotted,Saved fit_mix has one CS with the expected lead coding,1,L1,1,2871,chr8_100667183_A_G_b38_A__recessive,chr8_100667183_A_G_b38_A,recessive,0.141648168029064,15,100,211,101,/project2/mstephens/wdenault/susie_mix/plot/one_cs_recessive/SNX31_Esophagus_boxplot.png
DGCR6,Muscle,recessive,plotted,Saved fit_mix has one CS with the expected lead coding,1,L1,1,1311,chr22_18982890_T_C_b38_T__recessive,chr22_18982890_T_C_b38_T,recessive,0.133218539290822,19,208,207,62,/project2/mstephens/wdenault/susie_mix/plot/one_cs_recessive/DGCR6_Muscle_boxplot.png
POLI,Nerve,recessive,plotted,Saved fit_mix has one CS with the expected lead coding,1,L1,1,3887,chr18_54269477_G_T_b38_G__recessive,chr18_54269477_G_T_b38_G,recessive,0.319659971023349,26,135,166,53,/project2/mstephens/wdenault/susie_mix/plot/one_cs_recessive/POLI_Nerve_boxplot.png
CRACR2B,Pancreas,recessive,plotted,Saved fit_mix has one CS with the expected lead coding,1,L1,1,3766,chr11_825777_C_T_b38_C__recessive,chr11_825777_C_T_b38_C,recessive,0.232104556197895,9,49,81,50,/project2/mstephens/wdenault/susie_mix/plot/one_cs_recessive/CRACR2B_Pancreas_boxplot.png
FAM83D,Blood Vessel,recessive,plotted,Saved fit_mix has one CS with the expected lead coding,1,L1,1,2382,chr20_38906022_C_T_b38_C__recessive,chr20_38906022_C_T_b38_C,recessive,0.1095994260213,79,203,186,61,/project2/mstephens/wdenault/susie_mix/plot/one_cs_recessive/FAM83D_Blood Vessel_boxplot.png
CTSW,Breast,recessive,plotted,Saved fit_mix has one CS with the expected lead coding,1,L1,1,1917,chr11_65876556_T_C_b38_T__recessive,chr11_65876556_T_C_b38_T,recessive,0.0559976959143964,18,158,93,18,/project2/mstephens/wdenault/susie_mix/plot/one_cs_recessive/CTSW_Breast_boxplot.png
ZNF354B,Skin,recessive,plotted,Saved fit_mix has one CS with the expected lead coding,1,L1,1,5676,chr5_179077337_G_A_b38_G__recessive,chr5_179077337_G_A_b38_G,recessive,0.718952670468899,4,242,211,69,/project2/mstephens/wdenault/susie_mix/plot/one_cs_recessive/ZNF354B_Skin_boxplot.png
P2RX2,Spleen,recessive,plotted,Saved fit_mix has one CS with the expected lead coding,1,L1,1,3773,chr12_132610104_G_C_b38_G__recessive,chr12_132610104_G_C_b38_G,recessive,0.0373907231007222,141,48,60,38,/project2/mstephens/wdenault/susie_mix/plot/one_cs_recessive/P2RX2_Spleen_boxplot.png
GUSB,Thyroid,recessive,plotted,Saved fit_mix has one CS with the expected lead coding,1,L1,1,1615,chr7_65963835_T_C_b38_T__recessive,chr7_65963835_T_C_b38_T,recessive,0.0614638066587828,88,111,191,88,/project2/mstephens/wdenault/susie_mix/plot/one_cs_recessive/GUSB_Thyroid_boxplot.png
NOMO3,Brain,recessive,plotted,Saved fit_mix has one CS with the expected lead coding,1,L1,1,2634,chr16_16232314_G_A_b38_G__recessive,chr16_16232314_G_A_b38_G,recessive,0.613662999565894,2,135,99,23,/project2/mstephens/wdenault/susie_mix/plot/one_cs_recessive/NOMO3_Brain_boxplot.png
HMG20A,Blood Vessel,recessive,plotted,Saved fit_mix has one CS with the expected lead coding,1,L1,1,2513,chr15_77523396_G_C_b38_G__recessive,chr15_77523396_G_C_b38_G,recessive,0.0762697467344681,72,210,189,51,/project2/mstephens/wdenault/susie_mix/plot/one_cs_recessive/HMG20A_Blood Vessel_boxplot.png
NEK3,Lung,recessive,plotted,Saved fit_mix has one CS with the expected lead coding,1,L1,1,2034,chr13_52160016_T_A_b38_T__recessive,chr13_52160016_T_A_b38_T,recessive,0.223855053968644,19,110,148,65,/project2/mstephens/wdenault/susie_mix/plot/one_cs_recessive/NEK3_Lung_boxplot.png
ASNSD1,Prostate,recessive,plotted,Saved fit_mix has one CS with the expected lead coding,1,L1,1,1773,chr2_189829449_C_T_b38_C__recessive,chr2_189829449_C_T_b38_C,recessive,0.141005578433382,82,70,48,25,/project2/mstephens/wdenault/susie_mix/plot/one_cs_recessive/ASNSD1_Prostate_boxplot.png
LIPG,Muscle,recessive,plotted,Saved fit_mix has one CS with the expected lead coding,1,L1,1,3280,chr18_49647298_G_C_b38_G__recessive,chr18_49647298_G_C_b38_G,recessive,0.0558945190476359,17,301,154,22,/project2/mstephens/wdenault/susie_mix/plot/one_cs_recessive/LIPG_Muscle_boxplot.png
LGALS7B,Skin,recessive,plotted,Saved fit_mix has one CS with the expected lead coding,1,L1,1,2901,chr19_38786331_T_C_b38_T__recessive,chr19_38786331_T_C_b38_T,recessive,0.0975955739766807,31,140,268,114,/project2/mstephens/wdenault/susie_mix/plot/one_cs_recessive/LGALS7B_Skin_boxplot.png
TSPEAR,Heart,recessive,plotted,Saved fit_mix has one CS with the expected lead coding,1,L1,1,3587,chr21_44707376_A_G_b38_A__recessive,chr21_44707376_A_G_b38_A,recessive,0.119310446163662,27,197,115,19,/project2/mstephens/wdenault/susie_mix/plot/one_cs_recessive/TSPEAR_Heart_boxplot.png
TRPM4,Spleen,recessive,plotted,Saved fit_mix has one CS with the expected lead coding,1,L1,1,3049,chr19_49142749_A_G_b38_A__recessive,chr19_49142749_A_G_b38_A,recessive,0.0791052880118321,28,57,61,28,/project2/mstephens/wdenault/susie_mix/plot/one_cs_recessive/TRPM4_Spleen_boxplot.png
RASL10B,Thyroid,recessive,plotted,Saved fit_mix has one CS with the expected lead coding,1,L1,1,3006,chr17_35735667_T_A_b38_T__recessive,chr17_35735667_T_A_b38_T,recessive,0.276827609344712,78,168,186,36,/project2/mstephens/wdenault/susie_mix/plot/one_cs_recessive/RASL10B_Thyroid_boxplot.png
NUDT19,Muscle,recessive,plotted,Saved fit_mix has one CS with the expected lead coding,1,L1,1,3473,chr19_32826637_C_T_b38_C__recessive,chr19_32826637_C_T_b38_C,recessive,0.151164564547862,41,285,164,28,/project2/mstephens/wdenault/susie_mix/plot/one_cs_recessive/NUDT19_Muscle_boxplot.png
RAB29,Muscle,recessive,plotted,Saved fit_mix has one CS with the expected lead coding,1,L1,1,2970,chr1_205784680_T_C_b38_T__recessive,chr1_205784680_T_C_b38_T,recessive,0.107704410150685,22,262,173,42,/project2/mstephens/wdenault/susie_mix/plot/one_cs_recessive/RAB29_Muscle_boxplot.png
NIPA1,Adipose Tissue,recessive,plotted,Saved fit_mix has one CS with the expected lead coding,1,L1,1,1967,chr15_22822087_G_T_b38_G__recessive,chr15_22822087_G_T_b38_G,recessive,0.203239617208537,10,208,191,71,/project2/mstephens/wdenault/susie_mix/plot/one_cs_recessive/NIPA1_Adipose Tissue_boxplot.png
SLC2A9,Thyroid,recessive,plotted,Saved fit_mix has one CS with the expected lead coding,1,L1,1,4680,chr4_10029444_G_A_b38_G__recessive,chr4_10029444_G_A_b38_G,recessive,0.0227756925274975,230,102,180,108,/project2/mstephens/wdenault/susie_mix/plot/one_cs_recessive/SLC2A9_Thyroid_boxplot.png
DDX59,Heart,recessive,plotted,Saved fit_mix has one CS with the expected lead coding,1,L1,1,2898,chr1_200624340_T_A_b38_T__recessive,chr1_200624340_T_A_b38_T,recessive,0.334190753451053,18,128,141,62,/project2/mstephens/wdenault/susie_mix/plot/one_cs_recessive/DDX59_Heart_boxplot.png
SNX16,Pancreas,recessive,plotted,Saved fit_mix has one CS with the expected lead coding,1,L1,1,2601,chr8_81942476_T_A_b38_T__recessive,chr8_81942476_T_A_b38_T,recessive,0.292831269402369,66,66,87,27,/project2/mstephens/wdenault/susie_mix/plot/one_cs_recessive/SNX16_Pancreas_boxplot.png
C19orf71,Ovary,recessive,plotted,Saved fit_mix has one CS with the expected lead coding,1,L1,1,3340,chr19_3511948_T_C_b38_T__recessive,chr19_3511948_T_C_b38_T,recessive,0.15550428484368,27,32,43,31,/project2/mstephens/wdenault/susie_mix/plot/one_cs_recessive/C19orf71_Ovary_boxplot.png
SSC4D,Ovary,recessive,plotted,Saved fit_mix has one CS with the expected lead coding,1,L1,1,2305,chr7_76384398_C_T_b38_C__recessive,chr7_76384398_C_T_b38_C,recessive,0.298391177231367,10,34,51,21,/project2/mstephens/wdenault/susie_mix/plot/one_cs_recessive/SSC4D_Ovary_boxplot.png
TMEM150C,Thyroid,recessive,plotted,Saved fit_mix has one CS with the expected lead coding,1,L1,1,3001,chr4_82585679_C_T_b38_C__recessive,chr4_82585679_C_T_b38_C,recessive,0.0636079781346188,56,142,188,60,/project2/mstephens/wdenault/susie_mix/plot/one_cs_recessive/TMEM150C_Thyroid_boxplot.png
LIMD1,Pancreas,recessive,plotted,Saved fit_mix has one CS with the expected lead coding,1,L1,1,3181,chr3_45639089_T_C_b38_T__recessive,chr3_45639089_T_C_b38_T,recessive,0.15843128029436,26,90,77,13,/project2/mstephens/wdenault/susie_mix/plot/one_cs_recessive/LIMD1_Pancreas_boxplot.png
RASGRP3,Pancreas,recessive,plotted,Saved fit_mix has one CS with the expected lead coding,1,L1,1,3826,chr2_33474404_G_A_b38_G__recessive,chr2_33474404_G_A_b38_G,recessive,0.701891233914897,5,55,93,32,/project2/mstephens/wdenault/susie_mix/plot/one_cs_recessive/RASGRP3_Pancreas_boxplot.png
WDR45B,Colon,recessive,plotted,Saved fit_mix has one CS with the expected lead coding,1,L1,1,3527,chr17_82647768_A_G_b38_A__recessive,chr17_82647768_A_G_b38_A,recessive,0.508708724129283,2,83,158,91,/project2/mstephens/wdenault/susie_mix/plot/one_cs_recessive/WDR45B_Colon_boxplot.png
ENOX1,Heart,recessive,plotted,Saved fit_mix has one CS with the expected lead coding,1,L1,1,2745,chr13_43839387_C_T_b38_C__recessive,chr13_43839387_C_T_b38_C,recessive,0.086287296941347,87,95,149,87,/project2/mstephens/wdenault/susie_mix/plot/one_cs_recessive/ENOX1_Heart_boxplot.png
HPR,Nerve,recessive,plotted,Saved fit_mix has one CS with the expected lead coding,1,L1,1,2748,chr16_72154058_A_T_b38_A__recessive,chr16_72154058_A_T_b38_A,recessive,0.400068244915798,19,236,105,13,/project2/mstephens/wdenault/susie_mix/plot/one_cs_recessive/HPR_Nerve_boxplot.png
HTR2B,Heart,recessive,plotted,Saved fit_mix has one CS with the expected lead coding,1,L1,1,3085,chr2_231191021_A_G_b38_A__recessive,chr2_231191021_A_G_b38_A,recessive,0.116716777982523,64,115,150,66,/project2/mstephens/wdenault/susie_mix/plot/one_cs_recessive/HTR2B_Heart_boxplot.png
ZNF567,Thyroid,recessive,plotted,Saved fit_mix has one CS with the expected lead coding,1,L1,1,2709,chr19_36643241_A_G_b38_A__recessive,chr19_36643241_A_G_b38_A,recessive,0.0287834701645041,163,159,177,54,/project2/mstephens/wdenault/susie_mix/plot/one_cs_recessive/ZNF567_Thyroid_boxplot.png
