"scenario","configuration","design","all_additive","pve","K","coding","true_share","estimated_share","bias","lower","upper","pip_mass","n_replicates","n_seed_blocks","zero_pip_replicates"
"Additive only","add1_rec0_dom0","add1_rec0_dom0",FALSE,0.1,1,"additive",1,0.499544431308332,-0.500455568691669,0.484392554071729,0.519096319862703,631.091746425428,400,400,0
"Additive only","add1_rec0_dom0","add1_rec0_dom0",FALSE,0.1,1,"recessive",0,0.202645176637514,0.202645176637514,0.189941076111349,0.211771760077361,256.008655914578,400,400,0
"Additive only","add1_rec0_dom0","add1_rec0_dom0",FALSE,0.1,1,"dominant",0,0.297810392054154,0.297810392054154,0.287566293398303,0.307627731079648,376.234161859954,400,400,0
"Additive only","add1_rec0_dom0","add1_rec0_dom0",FALSE,0.2,1,"additive",1,0.53388525835834,-0.46611474164166,0.51569979767139,0.557769623862592,672.339878544553,400,400,0
"Additive only","add1_rec0_dom0","add1_rec0_dom0",FALSE,0.2,1,"recessive",0,0.199444269157095,0.199444269157095,0.187329135222264,0.208395390722881,251.166956948426,400,400,0
"Additive only","add1_rec0_dom0","add1_rec0_dom0",FALSE,0.2,1,"dominant",0,0.266670472484565,0.266670472484565,0.254744184211296,0.276732202167853,335.827203082935,400,400,0
"Additive only","add1_rec0_dom0","add1_rec0_dom0",FALSE,0.3,1,"additive",1,0.539830228369446,-0.460169771630554,0.522301849903618,0.563453839659584,697.082926409769,400,400,0
"Additive only","add1_rec0_dom0","add1_rec0_dom0",FALSE,0.3,1,"recessive",0,0.201942826618666,0.201942826618666,0.189861638077025,0.211289205703348,260.768829066868,400,400,0
"Additive only","add1_rec0_dom0","add1_rec0_dom0",FALSE,0.3,1,"dominant",0,0.258226945011888,0.258226945011888,0.246111201872744,0.26840469668266,333.448527049786,400,400,0
"Additive only","add1_rec0_dom0","add1_rec0_dom0",FALSE,0.4,1,"additive",1,0.544425404748492,-0.455574595251508,0.525278140532438,0.57189916234958,700.835621677908,400,400,0
"Additive only","add1_rec0_dom0","add1_rec0_dom0",FALSE,0.4,1,"recessive",0,0.201934869322029,0.201934869322029,0.189397259336213,0.211016649228134,259.949569666263,400,400,0
"Additive only","add1_rec0_dom0","add1_rec0_dom0",FALSE,0.4,1,"dominant",0,0.253639725929479,0.253639725929479,0.240119547037841,0.26417439608806,326.508927492317,400,400,0
"Additive only","add2_rec0_dom0","add2_rec0_dom0",FALSE,0.1,2,"additive",1,0.501684919722856,-0.498315080277144,0.487800568822268,0.518816584044227,814.308574674724,399,399,0
"Additive only","add2_rec0_dom0","add2_rec0_dom0",FALSE,0.1,2,"recessive",0,0.179945169627042,0.179945169627042,0.168414759295338,0.189760914124702,292.077534799223,399,399,0
"Additive only","add2_rec0_dom0","add2_rec0_dom0",FALSE,0.1,2,"dominant",0,0.318369910650102,0.318369910650102,0.308104565575527,0.326239283342501,516.761293729978,399,399,0
"Additive only","add2_rec0_dom0","add2_rec0_dom0",FALSE,0.2,2,"additive",1,0.60935468674071,-0.39064531325929,0.587786375910826,0.63182905661169,911.213413166282,399,399,0
"Additive only","add2_rec0_dom0","add2_rec0_dom0",FALSE,0.2,2,"recessive",0,0.14117995800057,0.14117995800057,0.129032506354877,0.152909600788132,211.116898252581,399,399,0
"Additive only","add2_rec0_dom0","add2_rec0_dom0",FALSE,0.2,2,"dominant",0,0.24946535525872,0.24946535525872,0.237058489342537,0.260598977870675,373.04411171086,399,399,0
"Additive only","add2_rec0_dom0","add2_rec0_dom0",FALSE,0.3,2,"additive",1,0.642588122073024,-0.357411877926976,0.61925959724264,0.669442104784655,966.699778707052,399,399,0
"Additive only","add2_rec0_dom0","add2_rec0_dom0",FALSE,0.3,2,"recessive",0,0.139371073428274,0.139371073428274,0.126063334447854,0.151241398188013,209.66771904627,399,399,0
"Additive only","add2_rec0_dom0","add2_rec0_dom0",FALSE,0.3,2,"dominant",0,0.218040804498702,0.218040804498702,0.2032966272309,0.231235363901987,328.017263652516,399,399,0
"Additive only","add2_rec0_dom0","add2_rec0_dom0",FALSE,0.4,2,"additive",1,0.672828292206488,-0.327171707793512,0.64789761928913,0.700665965793477,986.647097564663,399,399,0
"Additive only","add2_rec0_dom0","add2_rec0_dom0",FALSE,0.4,2,"recessive",0,0.132927873771664,0.132927873771664,0.119341764993259,0.14483089710971,194.927743618136,399,399,0
"Additive only","add2_rec0_dom0","add2_rec0_dom0",FALSE,0.4,2,"dominant",0,0.194243834021847,0.194243834021847,0.178764872431322,0.207624430672015,284.842533046561,399,399,0
"Additive only","add3_rec0_dom0","add3_rec0_dom0",FALSE,0.1,3,"additive",1,0.439863976802893,-0.560136023197107,0.430364175615136,0.449393436555671,977.503868920323,400,400,1
"Additive only","add3_rec0_dom0","add3_rec0_dom0",FALSE,0.1,3,"recessive",0,0.217166596107021,0.217166596107021,0.209252531109867,0.224072009857431,482.606439922211,400,400,1
"Additive only","add3_rec0_dom0","add3_rec0_dom0",FALSE,0.1,3,"dominant",0,0.342969427090086,0.342969427090086,0.337655439114096,0.348887488453058,762.176399028412,400,400,1
"Additive only","add3_rec0_dom0","add3_rec0_dom0",FALSE,0.2,3,"additive",1,0.599487545096483,-0.400512454903517,0.580287699832033,0.620688865956758,1073.25904749876,400,400,0
"Additive only","add3_rec0_dom0","add3_rec0_dom0",FALSE,0.2,3,"recessive",0,0.128862831484865,0.128862831484865,0.115444657403447,0.140775883540405,230.702373900328,400,400,0
"Additive only","add3_rec0_dom0","add3_rec0_dom0",FALSE,0.2,3,"dominant",0,0.271649623418652,0.271649623418652,0.260564333101786,0.28144701397722,486.332732795599,400,400,0
"Additive only","add3_rec0_dom0","add3_rec0_dom0",FALSE,0.3,3,"additive",1,0.670141566824335,-0.329858433175665,0.648227343352452,0.694155989290848,1180.37794099975,400,400,0
"Additive only","add3_rec0_dom0","add3_rec0_dom0",FALSE,0.3,3,"recessive",0,0.10946825560628,0.10946825560628,0.0960201510937076,0.122145590294485,192.815847507704,400,400,0
"Additive only","add3_rec0_dom0","add3_rec0_dom0",FALSE,0.3,3,"dominant",0,0.220390177569385,0.220390177569385,0.206685810161541,0.232248359703547,388.192162513794,400,400,0
"Additive only","add3_rec0_dom0","add3_rec0_dom0",FALSE,0.4,3,"additive",1,0.724970060208168,-0.275029939791832,0.703088445919964,0.752848070273695,1238.57967922893,400,400,0
"Additive only","add3_rec0_dom0","add3_rec0_dom0",FALSE,0.4,3,"recessive",0,0.095398134245568,0.095398134245568,0.0816385236487983,0.107275783828012,162.983545112174,400,400,0
"Additive only","add3_rec0_dom0","add3_rec0_dom0",FALSE,0.4,3,"dominant",0,0.179631805546264,0.179631805546264,0.163250011152132,0.192420906862847,306.893092976722,400,400,0
"Additive only","add4_rec0_dom0","add4_rec0_dom0",FALSE,0.1,4,"additive",1,0.417555233126952,-0.582444766873048,0.411027721696129,0.425289126182916,1099.65810804713,400,400,0
"Additive only","add4_rec0_dom0","add4_rec0_dom0",FALSE,0.1,4,"recessive",0,0.235993262060869,0.235993262060869,0.230183360462737,0.24102294023703,621.503177259487,400,400,0
"Additive only","add4_rec0_dom0","add4_rec0_dom0",FALSE,0.1,4,"dominant",0,0.34645150481218,0.34645150481218,0.341093526339094,0.351248989559949,912.401943711271,400,400,0
"Additive only","add4_rec0_dom0","add4_rec0_dom0",FALSE,0.2,4,"additive",1,0.578964296238918,-0.421035703761082,0.563531781087701,0.595940440077729,1193.2909411752,400,400,0
"Additive only","add4_rec0_dom0","add4_rec0_dom0",FALSE,0.2,4,"recessive",0,0.135918545963817,0.135918545963817,0.124988415670545,0.146044641469517,280.138811132143,400,400,0
"Additive only","add4_rec0_dom0","add4_rec0_dom0",FALSE,0.2,4,"dominant",0,0.285117157797265,0.285117157797265,0.274602211156778,0.294927398016984,587.648882294281,400,400,0
"Additive only","add4_rec0_dom0","add4_rec0_dom0",FALSE,0.3,4,"additive",1,0.684480469484244,-0.315519530515756,0.665942119107756,0.704848652259425,1360.34505417881,400,400,0
"Additive only","add4_rec0_dom0","add4_rec0_dom0",FALSE,0.3,4,"recessive",0,0.0908812524846364,0.0908812524846364,0.0796720178682306,0.102623343955312,180.618538945612,400,400,0
"Additive only","add4_rec0_dom0","add4_rec0_dom0",FALSE,0.3,4,"dominant",0,0.224638278031119,0.224638278031119,0.212121444895968,0.23619451293054,446.448926043332,400,400,0
"Additive only","add4_rec0_dom0","add4_rec0_dom0",FALSE,0.4,4,"additive",1,0.732630778179839,-0.267369221820161,0.714452342549492,0.754109443795673,1472.16916615607,400,400,0
"Additive only","add4_rec0_dom0","add4_rec0_dom0",FALSE,0.4,4,"recessive",0,0.0807039730365369,0.0807039730365369,0.0705192869040767,0.0906883949199117,162.168863538403,400,400,0
"Additive only","add4_rec0_dom0","add4_rec0_dom0",FALSE,0.4,4,"dominant",0,0.186665248783624,0.186665248783624,0.174865944866641,0.197951200207043,375.0904709939,400,400,0
"Additive only","add5_rec0_dom0","add5_rec0_dom0",FALSE,0.1,5,"additive",1,0.401653530017662,-0.598346469982338,0.396723029086755,0.407467675947751,1272.69964223634,400,400,0
"Additive only","add5_rec0_dom0","add5_rec0_dom0",FALSE,0.1,5,"recessive",0,0.248806244098491,0.248806244098491,0.244610163843318,0.252744372440282,788.380019556635,400,400,0
"Additive only","add5_rec0_dom0","add5_rec0_dom0",FALSE,0.1,5,"dominant",0,0.349540225883847,0.349540225883847,0.345679754973927,0.353077638486657,1107.57079717442,400,400,0
"Additive only","add5_rec0_dom0","add5_rec0_dom0",FALSE,0.2,5,"additive",1,0.530300265187655,-0.469699734812345,0.518438466047199,0.5439990757998,1355.61324177563,400,400,0
"Additive only","add5_rec0_dom0","add5_rec0_dom0",FALSE,0.2,5,"recessive",0,0.161941331114987,0.161941331114987,0.15329704608127,0.170728928890053,413.972662775427,400,400,0
"Additive only","add5_rec0_dom0","add5_rec0_dom0",FALSE,0.2,5,"dominant",0,0.307758403697358,0.307758403697358,0.299945068954023,0.314638956965118,786.726680538686,400,400,0
"Additive only","add5_rec0_dom0","add5_rec0_dom0",FALSE,0.3,5,"additive",1,0.676976179950638,-0.323023820049362,0.659587906286444,0.697654153983724,1495.69985606425,400,400,0
"Additive only","add5_rec0_dom0","add5_rec0_dom0",FALSE,0.3,5,"recessive",0,0.0837267168119221,0.0837267168119221,0.0726856949860807,0.093409274908997,184.984408599805,400,400,0
"Additive only","add5_rec0_dom0","add5_rec0_dom0",FALSE,0.3,5,"dominant",0,0.23929710323744,0.23929710323744,0.226708182743847,0.249833938481974,528.699019949164,400,400,0
"Additive only","add5_rec0_dom0","add5_rec0_dom0",FALSE,0.4,5,"additive",1,0.737607087836058,-0.262392912163942,0.720255267010307,0.756490525177425,1662.21622667797,400,400,0
"Additive only","add5_rec0_dom0","add5_rec0_dom0",FALSE,0.4,5,"recessive",0,0.0664898837859663,0.0664898837859663,0.0564759763323971,0.0752946549221753,149.836634654913,400,400,0
"Additive only","add5_rec0_dom0","add5_rec0_dom0",FALSE,0.4,5,"dominant",0,0.195903028377975,0.195903028377975,0.183779021956907,0.206875787238315,441.47242887883,400,400,0
