"scope","pve","K","bin","n_runs","sum_lead_pip","n_exact","n_wrong_coding","n_wrong_snp","n_ambiguous","n_no_support","n_lead_additive","n_lead_recessive","n_lead_dominant","n_unique","mean_lead_pip","fraction_exact","fraction_wrong_coding","fraction_wrong_snp","fraction_ambiguous","fraction_no_support","exact_accuracy_unique","share_unique_additive","share_unique_recessive","share_unique_dominant","bin_lower","bin_upper"
"Additive only",0.1,1,1,93,5.57707327493303,1,0,53,39,0,49,0,5,54,0.0599685298379895,0.010752688172043,0,0.56989247311828,0.419354838709677,0,0.0185185185185185,0.907407407407407,0,0.0925925925925926,0,0.1
"All simulations",0.1,1,1,292,16.7584979141491,8,0,130,154,0,58,34,46,138,0.0573921161443464,0.0273972602739726,0,0.445205479452055,0.527397260273973,0,0.0579710144927536,0.420289855072464,0.246376811594203,0.333333333333333,0,0.1
"Additive only",0.2,1,1,55,3.28479516041404,2,0,22,31,0,24,0,0,24,0.0597235483711643,0.0363636363636364,0,0.4,0.563636363636364,0,0.0833333333333333,1,0,0,0,0.1
"All simulations",0.2,1,1,199,10.8848488066527,4,0,55,140,0,26,9,24,59,0.0546977326967471,0.0201005025125628,0,0.276381909547739,0.703517587939699,0,0.0677966101694915,0.440677966101695,0.152542372881356,0.406779661016949,0,0.1
"Additive only",0.3,1,1,45,2.7390653903166,2,0,16,27,0,18,0,0,18,0.0608681197848134,0.0444444444444444,0,0.355555555555556,0.6,0,0.111111111111111,1,0,0,0,0.1
"All simulations",0.3,1,1,172,9.28036062175835,2,0,40,130,0,18,4,20,42,0.053955585010223,0.0116279069767442,0,0.232558139534884,0.755813953488372,0,0.0476190476190476,0.428571428571429,0.0952380952380952,0.476190476190476,0,0.1
"Additive only",0.4,1,1,41,2.58831594171875,0,0,18,23,0,18,0,0,18,0.0631296571150916,0,0,0.439024390243902,0.560975609756098,0,0,1,0,0,0,0.1
"All simulations",0.4,1,1,165,8.83296271730641,0,0,40,125,0,18,5,17,40,0.0535331073776146,0,0,0.242424242424242,0.757575757575758,0,0,0.45,0.125,0.425,0,0.1
"Additive only",0.1,2,1,83,5.05171046714644,4,2,60,17,0,49,3,14,66,0.0608639815318848,0.0481927710843374,0.0240963855421687,0.72289156626506,0.204819277108434,0,0.0606060606060606,0.742424242424242,0.0454545454545455,0.212121212121212,0,0.1
"All simulations",0.1,2,1,501,29.3532840178746,24,5,300,164,8,138,92,99,329,0.0585893892572348,0.0479041916167665,0.00998003992015968,0.598802395209581,0.327345309381238,0.0159680638722555,0.0729483282674772,0.419452887537994,0.279635258358663,0.300911854103343,0,0.1
"Additive only",0.2,2,1,25,1.72307080878629,1,0,14,10,0,13,0,2,15,0.0689228323514516,0.04,0,0.56,0.4,0,0.0666666666666667,0.866666666666667,0,0.133333333333333,0,0.1
"All simulations",0.2,2,1,172,11.5211012745038,2,1,83,85,1,25,29,32,86,0.0669831469447893,0.0116279069767442,0.00581395348837209,0.482558139534884,0.494186046511628,0.00581395348837209,0.0232558139534884,0.290697674418605,0.337209302325581,0.372093023255814,0,0.1
"Additive only",0.3,2,1,12,0.856647027306986,0,0,5,7,0,5,0,0,5,0.0713872522755822,0,0,0.416666666666667,0.583333333333333,0,0,1,0,0,0,0.1
"All simulations",0.3,2,1,102,6.65323906686843,0,0,37,64,1,18,11,8,37,0.0652278339889061,0,0,0.362745098039216,0.627450980392157,0.00980392156862745,0,0.486486486486487,0.297297297297297,0.216216216216216,0,0.1
"Additive only",0.4,2,1,7,0.455514126609044,0,0,3,4,0,3,0,0,3,0.0650734466584349,0,0,0.428571428571429,0.571428571428571,0,0,1,0,0,0,0.1
"All simulations",0.4,2,1,83,5.45991953890564,0,0,21,62,0,8,7,6,21,0.065782163119345,0,0,0.253012048192771,0.746987951807229,0,0,0.380952380952381,0.333333333333333,0.285714285714286,0,0.1
"Additive only",0.1,3,1,135,7.30926260770938,7,2,96,29,1,68,7,30,105,0.0541426859830325,0.0518518518518519,0.0148148148148148,0.711111111111111,0.214814814814815,0.00740740740740741,0.0666666666666667,0.647619047619048,0.0666666666666667,0.285714285714286,0,0.1
"All simulations",0.1,3,1,1364,71.7723005429346,116,21,853,361,13,359,282,349,990,0.0526189886678406,0.0850439882697947,0.0153958944281525,0.625366568914956,0.26466275659824,0.00953079178885631,0.117171717171717,0.362626262626263,0.284848484848485,0.352525252525253,0,0.1
"Additive only",0.2,3,1,27,1.77440546311658,1,0,19,7,0,18,1,1,20,0.0657187208561696,0.037037037037037,0,0.703703703703704,0.259259259259259,0,0.05,0.9,0.05,0.05,0,0.1
"All simulations",0.2,3,1,212,14.0210623960061,7,1,117,87,0,53,28,44,125,0.0661370867736138,0.0330188679245283,0.00471698113207547,0.55188679245283,0.410377358490566,0,0.056,0.424,0.224,0.352,0,0.1
"Additive only",0.3,3,1,13,0.893342299894737,0,0,8,5,0,8,0,0,8,0.0687186384534413,0,0,0.615384615384615,0.384615384615385,0,0,1,0,0,0,0.1
"All simulations",0.3,3,1,104,7.27073653796349,2,0,56,46,0,24,16,18,58,0.0699109282496489,0.0192307692307692,0,0.538461538461538,0.442307692307692,0,0.0344827586206897,0.413793103448276,0.275862068965517,0.310344827586207,0,0.1
"Additive only",0.4,3,1,3,0.168331119635882,0,0,3,0,0,3,0,0,3,0.0561103732119606,0,0,1,0,0,0,1,0,0,0,0.1
"All simulations",0.4,3,1,48,2.87248573599252,1,0,22,25,0,11,5,7,23,0.0598434528331776,0.0208333333333333,0,0.458333333333333,0.520833333333333,0,0.0434782608695652,0.478260869565217,0.217391304347826,0.304347826086957,0,0.1
"Additive only",0.1,4,1,178,9.15331360280799,11,9,120,38,0,80,14,46,140,0.0514231101281348,0.0617977528089888,0.050561797752809,0.674157303370786,0.213483146067416,0,0.0785714285714286,0.571428571428571,0.1,0.328571428571429,0,0.1
"All simulations",0.1,4,1,2563,127.987993998191,244,51,1605,642,21,694,534,672,1900,0.0499367904792005,0.0952009364026531,0.0198985563792431,0.626219274287944,0.250487709715178,0.00819352321498244,0.128421052631579,0.365263157894737,0.281052631578947,0.353684210526316,0,0.1
"Additive only",0.2,4,1,31,2.07982859041503,2,0,17,12,0,16,0,3,19,0.0670912448520978,0.0645161290322581,0,0.548387096774194,0.387096774193548,0,0.105263157894737,0.842105263157895,0,0.157894736842105,0,0.1
"All simulations",0.2,4,1,372,24.3191046831999,14,3,210,145,0,119,47,61,227,0.0653739373204299,0.0376344086021505,0.00806451612903226,0.564516129032258,0.389784946236559,0,0.0616740088105727,0.524229074889868,0.20704845814978,0.268722466960352,0,0.1
"Additive only",0.3,4,1,10,0.704480238156121,0,0,7,3,0,7,0,0,7,0.0704480238156121,0,0,0.7,0.3,0,0,1,0,0,0,0.1
"All simulations",0.3,4,1,131,9.0376503217256,1,0,73,57,0,47,7,20,74,0.0689896971124092,0.00763358778625954,0,0.557251908396947,0.435114503816794,0,0.0135135135135135,0.635135135135135,0.0945945945945946,0.27027027027027,0,0.1
"Additive only",0.4,4,1,2,0.16605293412664,0,0,1,1,0,1,0,0,1,0.08302646706332,0,0,0.5,0.5,0,0,1,0,0,0,0.1
"All simulations",0.4,4,1,55,3.76247978335093,0,0,25,30,0,13,6,6,25,0.0684087233336532,0,0,0.454545454545455,0.545454545454545,0,0,0.52,0.24,0.24,0,0.1
"Additive only",0.1,5,1,189,8.61672370379144,14,3,126,46,0,89,17,37,143,0.0455911307078912,0.0740740740740741,0.0158730158730159,0.666666666666667,0.243386243386243,0,0.0979020979020979,0.622377622377622,0.118881118881119,0.258741258741259,0,0.1
"All simulations",0.1,5,1,4278,199.362226156159,433,85,2708,1025,27,1175,893,1158,3226,0.0466017358943803,0.101215521271622,0.0198690977092099,0.633006077606358,0.239597942964002,0.00631136044880785,0.134221946683199,0.364228146311221,0.276813391196528,0.35895846249225,0,0.1
"Additive only",0.2,5,1,44,2.95721205261107,0,1,28,15,0,25,3,1,29,0.0672093648320697,0,0.0227272727272727,0.636363636363636,0.340909090909091,0,0,0.862068965517241,0.103448275862069,0.0344827586206897,0,0.1
"All simulations",0.2,5,1,801,54.4047279102804,68,6,429,298,0,210,142,151,503,0.0679210086270666,0.0848938826466916,0.00749063670411985,0.535580524344569,0.372034956304619,0,0.135188866799205,0.417495029821074,0.282306163021869,0.300198807157058,0,0.1
"Additive only",0.3,5,1,7,0.433632166378956,0,0,4,3,0,4,0,0,4,0.0619474523398508,0,0,0.571428571428571,0.428571428571429,0,0,1,0,0,0,0.1
"All simulations",0.3,5,1,143,10.1331091075252,4,3,94,42,0,49,17,35,101,0.0708609028498266,0.027972027972028,0.020979020979021,0.657342657342657,0.293706293706294,0,0.0396039603960396,0.485148514851485,0.168316831683168,0.346534653465347,0,0.1
"Additive only",0.4,5,1,1,0.0789426673338854,0,0,1,0,0,1,0,0,1,0.0789426673338854,0,0,1,0,0,0,1,0,0,0,0.1
"All simulations",0.4,5,1,48,3.44562910036512,0,1,29,18,0,16,5,9,30,0.0717839395909399,0,0.0208333333333333,0.604166666666667,0.375,0,0,0.533333333333333,0.166666666666667,0.3,0,0.1
"Additive only",0.1,1,2,83,11.9378116325127,7,0,44,32,0,46,1,4,51,0.143829055813406,0.0843373493975904,0,0.530120481927711,0.385542168674699,0,0.137254901960784,0.901960784313726,0.0196078431372549,0.0784313725490196,0.1,0.2
"All simulations",0.1,1,2,213,31.3446626728822,23,1,94,95,0,54,24,40,118,0.147158040717757,0.107981220657277,0.00469483568075117,0.44131455399061,0.446009389671362,0,0.194915254237288,0.457627118644068,0.203389830508475,0.338983050847458,0.1,0.2
"Additive only",0.2,1,2,67,9.99257965274149,2,0,29,36,0,30,0,1,31,0.149142979891664,0.0298507462686567,0,0.432835820895522,0.537313432835821,0,0.0645161290322581,0.967741935483871,0,0.032258064516129,0.1,0.2
"All simulations",0.2,1,2,183,27.4605075933923,5,0,60,118,0,30,13,22,65,0.150057418543127,0.0273224043715847,0,0.327868852459016,0.644808743169399,0,0.0769230769230769,0.461538461538462,0.2,0.338461538461538,0.1,0.2
"Additive only",0.3,1,2,52,7.67497978169026,2,0,20,30,0,22,0,0,22,0.147595765032505,0.0384615384615385,0,0.384615384615385,0.576923076923077,0,0.0909090909090909,1,0,0,0.1,0.2
"All simulations",0.3,1,2,155,22.7620666371408,5,0,37,113,0,22,6,14,42,0.146852042820263,0.032258064516129,0,0.238709677419355,0.729032258064516,0,0.119047619047619,0.523809523809524,0.142857142857143,0.333333333333333,0.1,0.2
"Additive only",0.4,1,2,52,7.72275925381587,4,0,18,30,0,22,0,0,22,0.148514601034921,0.0769230769230769,0,0.346153846153846,0.576923076923077,0,0.181818181818182,1,0,0,0.1,0.2
"All simulations",0.4,1,2,153,22.564176110387,5,0,31,117,0,22,5,9,36,0.147478275231288,0.0326797385620915,0,0.202614379084967,0.764705882352941,0,0.138888888888889,0.611111111111111,0.138888888888889,0.25,0.1,0.2
"Additive only",0.1,2,2,88,13.1175764755437,17,2,50,19,0,54,0,15,69,0.14906336904027,0.193181818181818,0.0227272727272727,0.568181818181818,0.215909090909091,0,0.246376811594203,0.782608695652174,0,0.217391304347826,0.1,0.2
"All simulations",0.1,2,2,512,76.0344923015442,78,11,257,166,0,140,78,128,346,0.148504867776453,0.15234375,0.021484375,0.501953125,0.32421875,0,0.225433526011561,0.404624277456647,0.225433526011561,0.369942196531792,0.1,0.2
"Additive only",0.2,2,2,46,7.13474120489755,5,0,24,17,0,28,0,1,29,0.155103069671686,0.108695652173913,0,0.521739130434783,0.369565217391304,0,0.172413793103448,0.96551724137931,0,0.0344827586206897,0.1,0.2
"All simulations",0.2,2,2,269,40.4583092223214,21,4,119,125,0,69,28,47,144,0.150402636514206,0.0780669144981413,0.0148698884758364,0.442379182156134,0.464684014869888,0,0.145833333333333,0.479166666666667,0.194444444444444,0.326388888888889,0.1,0.2
"Additive only",0.3,2,2,31,4.76492583263648,1,0,16,14,0,17,0,0,17,0.153707284923757,0.032258064516129,0,0.516129032258065,0.451612903225806,0,0.0588235294117647,1,0,0,0.1,0.2
"All simulations",0.3,2,2,207,30.9779444938444,13,0,75,119,0,41,21,26,88,0.149651905767364,0.0628019323671498,0,0.36231884057971,0.57487922705314,0,0.147727272727273,0.465909090909091,0.238636363636364,0.295454545454545,0.1,0.2
"Additive only",0.4,2,2,27,4.33163296979946,2,0,7,18,0,9,0,0,9,0.160430850733313,0.0740740740740741,0,0.259259259259259,0.666666666666667,0,0.222222222222222,1,0,0,0.1,0.2
"All simulations",0.4,2,2,176,27.4359945166599,9,0,42,125,0,23,8,20,51,0.155886332481022,0.0511363636363636,0,0.238636363636364,0.710227272727273,0,0.176470588235294,0.450980392156863,0.156862745098039,0.392156862745098,0.1,0.2
"Additive only",0.1,3,2,91,13.819760249831,6,5,64,16,0,53,5,17,75,0.15186549725089,0.0659340659340659,0.0549450549450549,0.703296703296703,0.175824175824176,0,0.08,0.706666666666667,0.0666666666666667,0.226666666666667,0.1,0.2
"All simulations",0.1,3,2,899,131.717956356018,99,28,517,255,0,279,145,220,644,0.146516080485003,0.110122358175751,0.0311457174638487,0.575083426028921,0.283648498331479,0,0.153726708074534,0.433229813664596,0.225155279503106,0.341614906832298,0.1,0.2
"Additive only",0.2,3,2,47,7.03648655613967,7,0,25,15,0,30,0,2,32,0.149712479917865,0.148936170212766,0,0.531914893617021,0.319148936170213,0,0.21875,0.9375,0,0.0625,0.1,0.2
"All simulations",0.2,3,2,443,66.8949561644262,44,3,216,180,0,117,70,76,263,0.151004415721052,0.0993227990970655,0.00677200902934537,0.487584650112867,0.406320541760722,0,0.167300380228137,0.444866920152091,0.26615969581749,0.288973384030418,0.1,0.2
"Additive only",0.3,3,2,26,4.14247893683296,0,0,15,11,0,14,0,1,15,0.159326112955114,0,0,0.576923076923077,0.423076923076923,0,0,0.933333333333333,0,0.0666666666666667,0.1,0.2
"All simulations",0.3,3,2,255,39.8228740989373,9,2,111,133,0,51,23,48,122,0.156168133721323,0.0352941176470588,0.00784313725490196,0.435294117647059,0.52156862745098,0,0.0737704918032787,0.418032786885246,0.188524590163934,0.39344262295082,0.1,0.2
"Additive only",0.4,3,2,22,3.21371695330196,1,0,12,9,0,13,0,0,13,0.146078043331907,0.0454545454545455,0,0.545454545454545,0.409090909090909,0,0.0769230769230769,1,0,0,0.1,0.2
"All simulations",0.4,3,2,201,30.7238575119719,10,0,84,107,0,43,20,31,94,0.152855012497373,0.0497512437810945,0,0.417910447761194,0.532338308457711,0,0.106382978723404,0.457446808510638,0.212765957446809,0.329787234042553,0.1,0.2
"Additive only",0.1,4,2,92,13.3519326300996,9,1,61,21,0,52,3,16,71,0.145129702501082,0.0978260869565217,0.0108695652173913,0.66304347826087,0.228260869565217,0,0.126760563380282,0.732394366197183,0.0422535211267606,0.225352112676056,0.1,0.2
"All simulations",0.1,4,2,1371,198.323501097865,116,35,825,395,0,373,269,334,976,0.144656091245708,0.0846097738876732,0.025528811086798,0.601750547045952,0.288110867979577,0,0.118852459016393,0.382172131147541,0.275614754098361,0.342213114754098,0.1,0.2
"Additive only",0.2,4,2,47,7.06285803633401,6,0,26,15,0,25,0,7,32,0.150273575241149,0.127659574468085,0,0.553191489361702,0.319148936170213,0,0.1875,0.78125,0,0.21875,0.1,0.2
"All simulations",0.2,4,2,798,120.485615961785,88,20,392,298,0,200,122,178,500,0.150984481155119,0.110275689223058,0.025062656641604,0.491228070175439,0.3734335839599,0,0.176,0.4,0.244,0.356,0.1,0.2
"Additive only",0.3,4,2,24,3.3651442579051,4,1,11,8,0,14,1,1,16,0.140214344079379,0.166666666666667,0.0416666666666667,0.458333333333333,0.333333333333333,0,0.25,0.875,0.0625,0.0625,0.1,0.2
"All simulations",0.3,4,2,315,47.6507951505151,30,2,108,175,0,73,29,38,140,0.151272365557191,0.0952380952380952,0.00634920634920635,0.342857142857143,0.555555555555556,0,0.214285714285714,0.521428571428571,0.207142857142857,0.271428571428571,0.1,0.2
"Additive only",0.4,4,2,22,3.27396794060355,2,0,10,10,0,12,0,0,12,0.148816724572889,0.0909090909090909,0,0.454545454545455,0.454545454545455,0,0.166666666666667,1,0,0,0.1,0.2
"All simulations",0.4,4,2,232,35.1215862019528,14,0,73,145,0,49,15,23,87,0.15138614742221,0.0603448275862069,0,0.314655172413793,0.625,0,0.160919540229885,0.563218390804598,0.172413793103448,0.264367816091954,0.1,0.2
"Additive only",0.1,5,2,99,14.2922106914645,8,2,72,17,0,49,5,28,82,0.144365764560248,0.0808080808080808,0.0202020202020202,0.727272727272727,0.171717171717172,0,0.0975609756097561,0.597560975609756,0.0609756097560976,0.341463414634146,0.1,0.2
"All simulations",0.1,5,2,1804,262.406287327142,143,55,1128,478,0,528,312,486,1326,0.145458030669148,0.0792682926829268,0.0304878048780488,0.625277161862528,0.264966740576497,0,0.107843137254902,0.398190045248869,0.235294117647059,0.366515837104072,0.1,0.2
"Additive only",0.2,5,2,59,8.57709267115244,4,0,39,16,0,37,1,5,43,0.145374452053431,0.0677966101694915,0,0.661016949152542,0.271186440677966,0,0.0930232558139535,0.86046511627907,0.0232558139534884,0.116279069767442,0.1,0.2
"All simulations",0.2,5,2,1288,191.953427170595,152,21,692,423,0,352,209,304,865,0.149032163952326,0.118012422360248,0.016304347826087,0.537267080745342,0.328416149068323,0,0.175722543352601,0.406936416184971,0.241618497109827,0.351445086705202,0.1,0.2
"Additive only",0.3,5,2,31,4.77677476422397,2,0,17,12,0,15,0,4,19,0.154089508523354,0.0645161290322581,0,0.548387096774194,0.387096774193548,0,0.105263157894737,0.789473684210526,0,0.210526315789474,0.1,0.2
"All simulations",0.3,5,2,502,76.8894120209177,26,4,279,193,0,130,63,116,309,0.153166159404219,0.051792828685259,0.00796812749003984,0.555776892430279,0.384462151394422,0,0.0841423948220065,0.420711974110032,0.203883495145631,0.375404530744337,0.1,0.2
"Additive only",0.4,5,2,19,3.0587721947364,2,0,9,8,0,10,0,1,11,0.160988010249284,0.105263157894737,0,0.473684210526316,0.421052631578947,0,0.181818181818182,0.909090909090909,0,0.0909090909090909,0.1,0.2
"All simulations",0.4,5,2,260,40.7633371482102,13,1,126,120,0,57,26,57,140,0.156782065954655,0.05,0.00384615384615385,0.484615384615385,0.461538461538462,0,0.0928571428571429,0.407142857142857,0.185714285714286,0.407142857142857,0.1,0.2
"Additive only",0.1,1,3,47,11.7846101075029,6,2,24,15,0,28,0,4,32,0.25073638526602,0.127659574468085,0.0425531914893617,0.51063829787234,0.319148936170213,0,0.1875,0.875,0,0.125,0.2,0.3
"All simulations",0.1,1,3,157,38.8022273860166,20,2,66,69,0,31,25,32,88,0.247147945133864,0.127388535031847,0.0127388535031847,0.420382165605096,0.439490445859873,0,0.227272727272727,0.352272727272727,0.284090909090909,0.363636363636364,0.2,0.3
"Additive only",0.2,1,3,49,12.1345151484713,6,0,19,24,0,23,0,2,25,0.247643166295333,0.122448979591837,0,0.387755102040816,0.489795918367347,0,0.24,0.92,0,0.08,0.2,0.3
"All simulations",0.2,1,3,136,33.4183810737005,12,0,40,84,0,23,7,22,52,0.245723390247797,0.0882352941176471,0,0.294117647058824,0.617647058823529,0,0.230769230769231,0.442307692307692,0.134615384615385,0.423076923076923,0.2,0.3
"Additive only",0.3,1,3,51,12.3132655444541,3,0,21,27,0,24,0,0,24,0.241436579303021,0.0588235294117647,0,0.411764705882353,0.529411764705882,0,0.125,1,0,0,0.2,0.3
"All simulations",0.3,1,3,125,30.6706897795392,10,0,35,80,0,24,7,14,45,0.245365518236314,0.08,0,0.28,0.64,0,0.222222222222222,0.533333333333333,0.155555555555556,0.311111111111111,0.2,0.3
"Additive only",0.4,1,3,30,7.50552152908823,2,0,7,21,0,9,0,0,9,0.250184050969608,0.0666666666666667,0,0.233333333333333,0.7,0,0.222222222222222,1,0,0,0.2,0.3
"All simulations",0.4,1,3,88,21.834447748533,3,0,15,70,0,9,4,5,18,0.248118724415148,0.0340909090909091,0,0.170454545454545,0.795454545454545,0,0.166666666666667,0.5,0.222222222222222,0.277777777777778,0.2,0.3
"Additive only",0.1,2,3,60,14.548844508723,12,2,37,9,0,36,3,12,51,0.24248074181205,0.2,0.0333333333333333,0.616666666666667,0.15,0,0.235294117647059,0.705882352941177,0.0588235294117647,0.235294117647059,0.2,0.3
"All simulations",0.1,2,3,349,86.2977897093094,72,11,176,90,0,93,67,99,259,0.247271603751603,0.206303724928367,0.0315186246418338,0.504297994269341,0.257879656160458,0,0.277992277992278,0.359073359073359,0.258687258687259,0.382239382239382,0.2,0.3
"Additive only",0.2,2,3,49,12.0509436699572,10,0,24,15,0,29,1,4,34,0.245937625917495,0.204081632653061,0,0.489795918367347,0.306122448979592,0,0.294117647058824,0.852941176470588,0.0294117647058824,0.117647058823529,0.2,0.3
"All simulations",0.2,2,3,251,61.9265208246943,35,4,99,113,0,59,35,44,138,0.246719206472886,0.139442231075697,0.0159362549800797,0.394422310756972,0.450199203187251,0,0.253623188405797,0.427536231884058,0.253623188405797,0.318840579710145,0.2,0.3
"Additive only",0.3,2,3,46,11.2269240853826,6,0,24,16,0,28,0,2,30,0.244063567073536,0.130434782608696,0,0.521739130434783,0.347826086956522,0,0.2,0.933333333333333,0,0.0666666666666667,0.2,0.3
"All simulations",0.3,2,3,225,55.3852980938855,16,2,98,109,0,56,13,47,116,0.246156880417269,0.0711111111111111,0.00888888888888889,0.435555555555556,0.484444444444444,0,0.137931034482759,0.482758620689655,0.112068965517241,0.405172413793103,0.2,0.3
"Additive only",0.4,2,3,33,8.08756826184656,3,0,18,12,0,20,0,1,21,0.245077826116562,0.0909090909090909,0,0.545454545454545,0.363636363636364,0,0.142857142857143,0.952380952380952,0,0.0476190476190476,0.2,0.3
"All simulations",0.4,2,3,172,42.9207958301792,15,1,64,92,0,35,14,31,80,0.249539510640577,0.0872093023255814,0.00581395348837209,0.372093023255814,0.534883720930233,0,0.1875,0.4375,0.175,0.3875,0.2,0.3
"Additive only",0.1,3,3,49,12.2176608350388,16,4,27,2,0,37,2,8,47,0.249340017041608,0.326530612244898,0.0816326530612245,0.551020408163265,0.0408163265306122,0,0.340425531914894,0.787234042553192,0.0425531914893617,0.170212765957447,0.2,0.3
"All simulations",0.1,3,3,530,130.212623921615,117,25,280,108,0,183,105,134,422,0.245684196078519,0.220754716981132,0.0471698113207547,0.528301886792453,0.20377358490566,0,0.277251184834123,0.433649289099526,0.248815165876777,0.317535545023697,0.2,0.3
"Additive only",0.2,3,3,55,14.0812890547667,14,5,25,11,0,34,0,10,44,0.256023437359394,0.254545454545455,0.0909090909090909,0.454545454545455,0.2,0,0.318181818181818,0.772727272727273,0,0.227272727272727,0.2,0.3
"All simulations",0.2,3,3,491,123.44546649417,82,15,237,157,0,148,66,120,334,0.25141642870503,0.167006109979633,0.0305498981670061,0.482688391038697,0.319755600814664,0,0.245508982035928,0.44311377245509,0.197604790419162,0.359281437125749,0.2,0.3
"Additive only",0.3,3,3,30,7.34403828564011,3,1,16,10,0,18,0,2,20,0.244801276188004,0.1,0.0333333333333333,0.533333333333333,0.333333333333333,0,0.15,0.9,0,0.1,0.2,0.3
"All simulations",0.3,3,3,307,75.6975251645714,32,5,137,133,0,72,39,63,174,0.246571743207073,0.104234527687296,0.0162866449511401,0.446254071661238,0.433224755700326,0,0.183908045977011,0.413793103448276,0.224137931034483,0.362068965517241,0.2,0.3
"Additive only",0.4,3,3,23,5.60311862305319,3,0,11,9,0,14,0,0,14,0.243613853176226,0.130434782608696,0,0.478260869565217,0.391304347826087,0,0.214285714285714,1,0,0,0.2,0.3
"All simulations",0.4,3,3,243,60.1276778983731,18,4,86,135,0,51,22,35,108,0.247439003697009,0.0740740740740741,0.0164609053497942,0.353909465020576,0.555555555555556,0,0.166666666666667,0.472222222222222,0.203703703703704,0.324074074074074,0.2,0.3
"Additive only",0.1,4,3,40,9.71462271893798,7,3,24,6,0,24,2,8,34,0.242865567973449,0.175,0.075,0.6,0.15,0,0.205882352941176,0.705882352941177,0.0588235294117647,0.235294117647059,0.2,0.3
"All simulations",0.1,4,3,685,166.868042320926,113,28,419,125,0,211,163,186,560,0.243602981490402,0.164963503649635,0.0408759124087591,0.611678832116788,0.182481751824818,0,0.201785714285714,0.376785714285714,0.291071428571429,0.332142857142857,0.2,0.3
"Additive only",0.2,4,3,49,12.1661992560319,9,1,24,15,0,26,2,6,34,0.248289780735344,0.183673469387755,0.0204081632653061,0.489795918367347,0.306122448979592,0,0.264705882352941,0.764705882352941,0.0588235294117647,0.176470588235294,0.2,0.3
"All simulations",0.2,4,3,795,197.324048503862,135,7,400,253,0,212,162,168,542,0.248206350319324,0.169811320754717,0.00880503144654088,0.50314465408805,0.318238993710692,0,0.249077490774908,0.391143911439114,0.298892988929889,0.309963099630996,0.2,0.3
"Additive only",0.3,4,3,28,7.29566458802456,7,1,13,7,0,15,1,5,21,0.260559449572306,0.25,0.0357142857142857,0.464285714285714,0.25,0,0.333333333333333,0.714285714285714,0.0476190476190476,0.238095238095238,0.2,0.3
"All simulations",0.3,4,3,451,113.81452651193,80,11,188,172,0,93,76,110,279,0.252360369206053,0.177383592017738,0.024390243902439,0.416851441241685,0.381374722838137,0,0.28673835125448,0.333333333333333,0.272401433691756,0.39426523297491,0.2,0.3
"Additive only",0.4,4,3,9,2.25271575868171,3,0,3,3,0,6,0,0,6,0.250301750964634,0.333333333333333,0,0.333333333333333,0.333333333333333,0,0.5,1,0,0,0.2,0.3
"All simulations",0.4,4,3,228,57.18948161819,44,0,84,100,0,55,32,41,128,0.250831059728903,0.192982456140351,0,0.368421052631579,0.43859649122807,0,0.34375,0.4296875,0.25,0.3203125,0.2,0.3
"Additive only",0.1,5,3,40,9.85310526834816,4,2,26,8,0,19,3,10,32,0.246327631708704,0.1,0.05,0.65,0.2,0,0.125,0.59375,0.09375,0.3125,0.2,0.3
"All simulations",0.1,5,3,900,220.462109377374,118,32,581,169,0,292,198,241,731,0.244957899308193,0.131111111111111,0.0355555555555556,0.645555555555556,0.187777777777778,0,0.161422708618331,0.399452804377565,0.270861833105335,0.3296853625171,0.2,0.3
"Additive only",0.2,5,3,53,13.0234015128647,3,5,29,16,0,22,2,13,37,0.245724556846504,0.0566037735849057,0.0943396226415094,0.547169811320755,0.30188679245283,0,0.0810810810810811,0.594594594594595,0.0540540540540541,0.351351351351351,0.2,0.3
"All simulations",0.2,5,3,1214,300.342821018556,180,72,596,366,0,344,210,294,848,0.24739935833489,0.14827018121911,0.0593080724876442,0.490939044481054,0.301482701812191,0,0.212264150943396,0.405660377358491,0.247641509433962,0.346698113207547,0.2,0.3
"Additive only",0.3,5,3,34,8.71576704259303,4,1,20,9,0,21,0,4,25,0.25634608948803,0.117647058823529,0.0294117647058824,0.588235294117647,0.264705882352941,0,0.16,0.84,0,0.16,0.2,0.3
"All simulations",0.3,5,3,638,160.025003208982,105,24,289,220,0,155,94,169,418,0.250822889042292,0.164576802507837,0.0376175548589342,0.452978056426332,0.344827586206897,0,0.251196172248804,0.370813397129187,0.22488038277512,0.404306220095694,0.2,0.3
"Additive only",0.4,5,3,17,4.42147248163052,5,0,7,5,0,11,0,1,12,0.260086616566501,0.294117647058824,0,0.411764705882353,0.294117647058824,0,0.416666666666667,0.916666666666667,0,0.0833333333333333,0.2,0.3
"All simulations",0.4,5,3,353,90.3364884896105,43,3,123,184,0,69,28,72,169,0.255910732265185,0.121813031161473,0.0084985835694051,0.348441926345609,0.521246458923513,0,0.254437869822485,0.408284023668639,0.165680473372781,0.42603550295858,0.2,0.3
"Additive only",0.1,1,4,29,10.0334797904946,9,1,14,5,0,21,0,3,24,0.345982061741194,0.310344827586207,0.0344827586206897,0.482758620689655,0.172413793103448,0,0.375,0.875,0,0.125,0.3,0.4
"All simulations",0.1,1,4,95,32.5727158545161,21,4,34,36,0,25,11,23,59,0.342870693205433,0.221052631578947,0.0421052631578947,0.357894736842105,0.378947368421053,0,0.355932203389831,0.423728813559322,0.186440677966102,0.389830508474576,0.3,0.4
"Additive only",0.2,1,4,28,9.81139009335201,4,0,14,10,0,18,0,0,18,0.350406789048286,0.142857142857143,0,0.5,0.357142857142857,0,0.222222222222222,1,0,0,0.3,0.4
"All simulations",0.2,1,4,85,29.9601574408942,12,0,31,42,0,18,10,15,43,0.352472440481108,0.141176470588235,0,0.364705882352941,0.494117647058824,0,0.27906976744186,0.418604651162791,0.232558139534884,0.348837209302326,0.3,0.4
"Additive only",0.3,1,4,28,9.728326850491,2,0,11,15,0,13,0,0,13,0.347440244660393,0.0714285714285714,0,0.392857142857143,0.535714285714286,0,0.153846153846154,1,0,0,0.3,0.4
"All simulations",0.3,1,4,93,31.9235222626294,9,1,26,57,0,14,7,15,36,0.343263680243327,0.0967741935483871,0.010752688172043,0.279569892473118,0.612903225806452,0,0.25,0.388888888888889,0.194444444444444,0.416666666666667,0.3,0.4
"Additive only",0.4,1,4,34,11.372640432091,7,0,10,17,0,17,0,0,17,0.334489424473265,0.205882352941176,0,0.294117647058824,0.5,0,0.411764705882353,1,0,0,0.3,0.4
"All simulations",0.4,1,4,91,30.5917248470175,13,0,16,62,0,17,3,9,29,0.336172800516676,0.142857142857143,0,0.175824175824176,0.681318681318681,0,0.448275862068966,0.586206896551724,0.103448275862069,0.310344827586207,0.3,0.4
"Additive only",0.1,2,4,36,12.2161448428131,8,2,18,8,0,24,0,4,28,0.339337356744807,0.222222222222222,0.0555555555555556,0.5,0.222222222222222,0,0.285714285714286,0.857142857142857,0,0.142857142857143,0.3,0.4
"All simulations",0.1,2,4,216,74.8044844942755,53,13,103,47,0,59,44,66,169,0.346317057843868,0.24537037037037,0.0601851851851852,0.476851851851852,0.217592592592593,0,0.313609467455621,0.349112426035503,0.260355029585799,0.390532544378698,0.3,0.4
"Additive only",0.2,2,4,41,14.3134727746225,11,1,21,8,0,31,0,2,33,0.349109092063963,0.268292682926829,0.024390243902439,0.51219512195122,0.195121951219512,0,0.333333333333333,0.939393939393939,0,0.0606060606060606,0.3,0.4
"All simulations",0.2,2,4,243,84.3069619010636,64,4,99,76,0,66,37,64,167,0.346942230045529,0.263374485596708,0.0164609053497942,0.407407407407407,0.312757201646091,0,0.383233532934132,0.395209580838323,0.221556886227545,0.383233532934132,0.3,0.4
"Additive only",0.3,2,4,27,9.35571787815549,5,0,14,8,0,19,0,0,19,0.346508069561315,0.185185185185185,0,0.518518518518518,0.296296296296296,0,0.263157894736842,1,0,0,0.3,0.4
"All simulations",0.3,2,4,182,62.7901475016881,32,1,60,89,0,42,18,33,93,0.345000810448836,0.175824175824176,0.00549450549450549,0.32967032967033,0.489010989010989,0,0.344086021505376,0.451612903225806,0.193548387096774,0.354838709677419,0.3,0.4
"Additive only",0.4,2,4,21,7.20372910764412,6,0,5,10,0,11,0,0,11,0.343034719411625,0.285714285714286,0,0.238095238095238,0.476190476190476,0,0.545454545454545,1,0,0,0.3,0.4
"All simulations",0.4,2,4,167,57.1412544268789,23,1,41,102,0,28,11,26,65,0.342163200160951,0.137724550898204,0.00598802395209581,0.245508982035928,0.610778443113772,0,0.353846153846154,0.430769230769231,0.169230769230769,0.4,0.3,0.4
"Additive only",0.1,3,4,32,10.8660566677773,7,1,20,4,0,25,1,2,28,0.339564270868039,0.21875,0.03125,0.625,0.125,0,0.25,0.892857142857143,0.0357142857142857,0.0714285714285714,0.3,0.4
"All simulations",0.1,3,4,287,98.3599576174752,72,12,142,61,0,98,64,64,226,0.342717622360541,0.250871080139373,0.0418118466898955,0.494773519163763,0.212543554006969,0,0.31858407079646,0.433628318584071,0.283185840707965,0.283185840707965,0.3,0.4
"Additive only",0.2,3,4,49,17.0613684412272,13,3,27,6,0,38,1,4,43,0.348191192678106,0.26530612244898,0.0612244897959184,0.551020408163265,0.122448979591837,0,0.302325581395349,0.883720930232558,0.0232558139534884,0.0930232558139535,0.3,0.4
"All simulations",0.2,3,4,414,144.049976455175,100,18,217,79,0,143,79,113,335,0.347946803031823,0.241545893719807,0.0434782608695652,0.524154589371981,0.190821256038647,0,0.298507462686567,0.426865671641791,0.235820895522388,0.337313432835821,0.3,0.4
"Additive only",0.3,3,4,28,9.74096692835133,7,0,8,13,0,14,0,1,15,0.347891676012548,0.25,0,0.285714285714286,0.464285714285714,0,0.466666666666667,0.933333333333333,0,0.0666666666666667,0.3,0.4
"All simulations",0.3,3,4,282,98.1628420329871,60,8,115,99,0,77,38,68,183,0.348095184514139,0.212765957446809,0.0283687943262411,0.407801418439716,0.351063829787234,0,0.327868852459016,0.420765027322404,0.207650273224044,0.371584699453552,0.3,0.4
"Additive only",0.4,3,4,24,8.35664129623261,4,0,11,9,0,15,0,0,15,0.348193387343025,0.166666666666667,0,0.458333333333333,0.375,0,0.266666666666667,1,0,0,0.3,0.4
"All simulations",0.4,3,4,225,78.8268137841595,45,2,83,95,0,53,28,49,130,0.350341394596264,0.2,0.00888888888888889,0.368888888888889,0.422222222222222,0,0.346153846153846,0.407692307692308,0.215384615384615,0.376923076923077,0.3,0.4
"Additive only",0.1,4,4,28,9.64210327347948,6,1,16,5,0,18,1,4,23,0.344360831195696,0.214285714285714,0.0357142857142857,0.571428571428571,0.178571428571429,0,0.260869565217391,0.782608695652174,0.0434782608695652,0.173913043478261,0.3,0.4
"All simulations",0.1,4,4,432,147.871472319557,96,18,228,90,0,144,110,88,342,0.34229507481379,0.222222222222222,0.0416666666666667,0.527777777777778,0.208333333333333,0,0.280701754385965,0.421052631578947,0.321637426900585,0.257309941520468,0.3,0.4
"Additive only",0.2,4,4,54,18.7781312956475,13,3,30,8,0,38,1,7,46,0.34774317214162,0.240740740740741,0.0555555555555556,0.555555555555556,0.148148148148148,0,0.282608695652174,0.826086956521739,0.0217391304347826,0.152173913043478,0.3,0.4
"All simulations",0.2,4,4,680,236.892988280965,167,31,338,144,0,196,135,205,536,0.348372041589654,0.245588235294118,0.0455882352941176,0.497058823529412,0.211764705882353,0,0.311567164179104,0.365671641791045,0.251865671641791,0.382462686567164,0.3,0.4
"Additive only",0.3,4,4,42,14.3323270640647,11,0,20,11,0,30,0,1,31,0.341245882477731,0.261904761904762,0,0.476190476190476,0.261904761904762,0,0.354838709677419,0.967741935483871,0,0.032258064516129,0.3,0.4
"All simulations",0.3,4,4,506,175.731084199105,97,5,253,151,0,175,97,83,355,0.347294632804555,0.191699604743083,0.00988142292490119,0.5,0.298418972332016,0,0.273239436619718,0.492957746478873,0.273239436619718,0.233802816901408,0.3,0.4
"Additive only",0.4,4,4,28,9.96621283046813,3,0,15,10,0,17,0,1,18,0.355936172516719,0.107142857142857,0,0.535714285714286,0.357142857142857,0,0.166666666666667,0.944444444444444,0,0.0555555555555556,0.3,0.4
"All simulations",0.4,4,4,369,127.722138702151,55,9,154,151,0,101,46,71,218,0.346130457187402,0.149051490514905,0.024390243902439,0.417344173441734,0.409214092140921,0,0.252293577981651,0.463302752293578,0.211009174311927,0.325688073394495,0.3,0.4
"Additive only",0.1,5,4,24,8.13134071121075,5,2,16,1,0,17,2,4,23,0.338805862967114,0.208333333333333,0.0833333333333333,0.666666666666667,0.0416666666666667,0,0.217391304347826,0.739130434782609,0.0869565217391304,0.173913043478261,0.3,0.4
"All simulations",0.1,5,4,454,156.886930984165,95,23,284,52,0,162,84,156,402,0.345565927277897,0.209251101321586,0.0506607929515418,0.625550660792952,0.114537444933921,0,0.236318407960199,0.402985074626866,0.208955223880597,0.388059701492537,0.3,0.4
"Additive only",0.2,5,4,55,18.8133709096876,17,1,31,6,0,39,1,9,49,0.342061289267047,0.309090909090909,0.0181818181818182,0.563636363636364,0.109090909090909,0,0.346938775510204,0.795918367346939,0.0204081632653061,0.183673469387755,0.3,0.4
"All simulations",0.2,5,4,985,340.333604698274,234,65,503,183,0,304,212,286,802,0.345516349947487,0.23756345177665,0.065989847715736,0.510659898477157,0.185786802030457,0,0.291770573566085,0.379052369077307,0.264339152119701,0.356608478802993,0.3,0.4
"Additive only",0.3,5,4,38,13.306243463306,4,3,20,11,0,21,0,6,27,0.350164301665948,0.105263157894737,0.0789473684210526,0.526315789473684,0.289473684210526,0,0.148148148148148,0.777777777777778,0,0.222222222222222,0.3,0.4
"All simulations",0.3,5,4,677,236.344927754369,150,21,323,183,0,204,113,177,494,0.349106244836586,0.221565731166913,0.0310192023633678,0.477104874446086,0.270310192023634,0,0.303643724696356,0.412955465587045,0.228744939271255,0.3582995951417,0.3,0.4
"Additive only",0.4,5,4,25,8.91576869286863,6,3,6,10,0,12,0,3,15,0.356630747714745,0.24,0.12,0.24,0.4,0,0.4,0.8,0,0.2,0.3,0.4
"All simulations",0.4,5,4,481,166.728843388431,103,27,205,146,0,138,60,137,335,0.346629612034161,0.214137214137214,0.0561330561330561,0.426195426195426,0.303534303534304,0,0.307462686567164,0.411940298507463,0.17910447761194,0.408955223880597,0.3,0.4
"Additive only",0.1,1,5,39,17.9204315277086,11,1,12,15,0,22,0,2,24,0.459498244300219,0.282051282051282,0.0256410256410256,0.307692307692308,0.384615384615385,0,0.458333333333333,0.916666666666667,0,0.0833333333333333,0.4,0.5
"All simulations",0.1,1,5,118,54.8417630396097,31,3,35,49,0,27,17,25,69,0.464760703725506,0.26271186440678,0.0254237288135593,0.296610169491525,0.415254237288136,0,0.449275362318841,0.391304347826087,0.246376811594203,0.36231884057971,0.4,0.5
"Additive only",0.2,1,5,42,19.6324076850781,15,0,9,18,0,24,0,0,24,0.467438278216145,0.357142857142857,0,0.214285714285714,0.428571428571429,0,0.625,1,0,0,0.4,0.5
"All simulations",0.2,1,5,118,55.5463951843661,28,2,17,71,0,26,10,11,47,0.470732162579374,0.23728813559322,0.0169491525423729,0.144067796610169,0.601694915254237,0,0.595744680851064,0.553191489361702,0.212765957446809,0.234042553191489,0.4,0.5
"Additive only",0.3,1,5,30,13.9068206391947,2,0,7,21,0,9,0,0,9,0.463560687973156,0.0666666666666667,0,0.233333333333333,0.7,0,0.222222222222222,1,0,0,0.4,0.5
"All simulations",0.3,1,5,105,49.1324405107947,8,1,16,80,0,11,4,10,25,0.467928004864711,0.0761904761904762,0.00952380952380952,0.152380952380952,0.761904761904762,0,0.32,0.44,0.16,0.4,0.4,0.5
"Additive only",0.4,1,5,35,16.4060869931792,5,0,4,26,0,9,0,0,9,0.468745342662264,0.142857142857143,0,0.114285714285714,0.742857142857143,0,0.555555555555556,1,0,0,0.4,0.5
"All simulations",0.4,1,5,111,52.3724183463266,11,0,15,85,0,9,3,14,26,0.471823588705645,0.0990990990990991,0,0.135135135135135,0.765765765765766,0,0.423076923076923,0.346153846153846,0.115384615384615,0.538461538461538,0.4,0.5
"Additive only",0.1,2,5,35,15.9575157030826,11,0,15,9,0,24,0,2,26,0.455929020088075,0.314285714285714,0,0.428571428571429,0.257142857142857,0,0.423076923076923,0.923076923076923,0,0.0769230769230769,0.4,0.5
"All simulations",0.1,2,5,201,91.4584514421697,57,8,72,64,0,60,38,39,137,0.455017171354078,0.283582089552239,0.0398009950248756,0.358208955223881,0.318407960199005,0,0.416058394160584,0.437956204379562,0.277372262773723,0.284671532846715,0.4,0.5
"Additive only",0.2,2,5,36,16.4196435672529,10,0,9,17,0,17,0,2,19,0.456101210201471,0.277777777777778,0,0.25,0.472222222222222,0,0.526315789473684,0.894736842105263,0,0.105263157894737,0.4,0.5
"All simulations",0.2,2,5,245,112.962931185506,64,3,65,113,0,45,34,53,132,0.461073188512268,0.261224489795918,0.0122448979591837,0.26530612244898,0.461224489795918,0,0.484848484848485,0.340909090909091,0.257575757575758,0.401515151515151,0.4,0.5
"Additive only",0.3,2,5,43,19.8322246823029,13,0,11,19,0,23,0,1,24,0.461214527495417,0.302325581395349,0,0.255813953488372,0.441860465116279,0,0.541666666666667,0.958333333333333,0,0.0416666666666667,0.4,0.5
"All simulations",0.3,2,5,220,102.653567003708,39,2,50,129,0,46,12,33,91,0.466607122744129,0.177272727272727,0.00909090909090909,0.227272727272727,0.586363636363636,0,0.428571428571429,0.505494505494505,0.131868131868132,0.362637362637363,0.4,0.5
"Additive only",0.4,2,5,40,18.751468841429,7,0,10,23,0,17,0,0,17,0.468786721035726,0.175,0,0.25,0.575,0,0.411764705882353,1,0,0,0.4,0.5
"All simulations",0.4,2,5,220,103.174469820674,22,0,47,151,0,36,7,26,69,0.468974862821244,0.1,0,0.213636363636364,0.686363636363636,0,0.318840579710145,0.521739130434783,0.101449275362319,0.376811594202899,0.4,0.5
"Additive only",0.1,3,5,30,13.3117371177715,5,2,18,5,0,19,0,6,25,0.443724570592385,0.166666666666667,0.0666666666666667,0.6,0.166666666666667,0,0.2,0.76,0,0.24,0.4,0.5
"All simulations",0.1,3,5,283,127.662589233764,89,18,128,48,0,84,69,82,235,0.451104555596341,0.314487632508834,0.0636042402826855,0.452296819787986,0.169611307420495,0,0.378723404255319,0.357446808510638,0.293617021276596,0.348936170212766,0.4,0.5
"Additive only",0.2,3,5,36,16.5227531778943,8,0,16,12,0,24,0,0,24,0.45896536605262,0.222222222222222,0,0.444444444444444,0.333333333333333,0,0.333333333333333,1,0,0,0.4,0.5
"All simulations",0.2,3,5,369,168.075907947732,95,20,125,129,0,87,72,81,240,0.455490265441009,0.257452574525745,0.0542005420054201,0.338753387533875,0.349593495934959,0,0.395833333333333,0.3625,0.3,0.3375,0.4,0.5
"Additive only",0.3,3,5,48,21.756020605568,15,2,18,13,0,33,0,2,35,0.453250429282666,0.3125,0.0416666666666667,0.375,0.270833333333333,0,0.428571428571429,0.942857142857143,0,0.0571428571428571,0.4,0.5
"All simulations",0.3,3,5,401,183.515040939918,85,12,131,173,0,118,46,64,228,0.457643493615755,0.211970074812968,0.029925187032419,0.326683291770574,0.43142144638404,0,0.37280701754386,0.517543859649123,0.201754385964912,0.280701754385965,0.4,0.5
"Additive only",0.4,3,5,40,18.3920475698005,8,1,13,18,0,21,0,1,22,0.459801189245013,0.2,0.025,0.325,0.45,0,0.363636363636364,0.954545454545455,0,0.0454545454545455,0.4,0.5
"All simulations",0.4,3,5,368,171.114895424599,61,7,91,209,0,78,38,43,159,0.464986128871192,0.165760869565217,0.0190217391304348,0.247282608695652,0.567934782608696,0,0.383647798742138,0.490566037735849,0.238993710691824,0.270440251572327,0.4,0.5
"Additive only",0.1,4,5,24,10.8575384432162,6,1,10,7,0,13,0,4,17,0.45239743513401,0.25,0.0416666666666667,0.416666666666667,0.291666666666667,0,0.352941176470588,0.764705882352941,0,0.235294117647059,0.4,0.5
"All simulations",0.1,4,5,322,144.465855872037,76,25,152,69,0,80,69,104,253,0.448651726310675,0.236024844720497,0.077639751552795,0.472049689440994,0.214285714285714,0,0.300395256916996,0.316205533596838,0.272727272727273,0.411067193675889,0.4,0.5
"Additive only",0.2,4,5,41,18.4966655172193,15,2,14,10,0,26,0,5,31,0.451138183346813,0.365853658536585,0.0487804878048781,0.341463414634146,0.24390243902439,0,0.483870967741935,0.838709677419355,0,0.161290322580645,0.4,0.5
"All simulations",0.2,4,5,633,287.872812467002,212,42,212,167,0,188,119,159,466,0.454775375145343,0.334913112164297,0.0663507109004739,0.334913112164297,0.263823064770932,0,0.454935622317597,0.40343347639485,0.255364806866953,0.341201716738197,0.4,0.5
"Additive only",0.3,4,5,28,12.9499961306284,6,0,12,10,0,17,0,1,18,0.462499861808157,0.214285714285714,0,0.428571428571429,0.357142857142857,0,0.333333333333333,0.944444444444444,0,0.0555555555555556,0.4,0.5
"All simulations",0.3,4,5,525,240.350831485902,125,16,180,204,0,121,66,134,321,0.457811107592195,0.238095238095238,0.0304761904761905,0.342857142857143,0.388571428571429,0,0.389408099688474,0.376947040498442,0.205607476635514,0.417445482866044,0.4,0.5
"Additive only",0.4,4,5,34,15.3025170763949,9,0,11,14,0,20,0,0,20,0.450074031658673,0.264705882352941,0,0.323529411764706,0.411764705882353,0,0.45,1,0,0,0.4,0.5
"All simulations",0.4,4,5,496,227.257027265648,92,1,158,245,0,121,52,78,251,0.458179490454936,0.185483870967742,0.00201612903225806,0.318548387096774,0.493951612903226,0,0.366533864541833,0.48207171314741,0.207171314741036,0.310756972111554,0.4,0.5
"Additive only",0.1,5,5,14,6.34266972999064,5,1,6,2,0,9,0,3,12,0.453047837856474,0.357142857142857,0.0714285714285714,0.428571428571429,0.142857142857143,0,0.416666666666667,0.75,0,0.25,0.4,0.5
"All simulations",0.1,5,5,290,129.824170431821,74,16,141,59,0,77,66,88,231,0.447669553213176,0.255172413793103,0.0551724137931034,0.486206896551724,0.203448275862069,0,0.32034632034632,0.333333333333333,0.285714285714286,0.380952380952381,0.4,0.5
"Additive only",0.2,5,5,52,23.5186071597218,19,3,18,12,0,35,0,5,40,0.452280906917727,0.365384615384615,0.0576923076923077,0.346153846153846,0.230769230769231,0,0.475,0.875,0,0.125,0.4,0.5
"All simulations",0.2,5,5,819,370.393383613209,224,58,351,186,0,263,167,203,633,0.452250773642502,0.273504273504274,0.0708180708180708,0.428571428571429,0.227106227106227,0,0.353870458135861,0.415481832543444,0.263823064770932,0.320695102685624,0.4,0.5
"Additive only",0.3,5,5,46,20.693028066945,14,1,20,11,0,29,0,6,35,0.449848436237935,0.304347826086957,0.0217391304347826,0.434782608695652,0.239130434782609,0,0.4,0.828571428571429,0,0.171428571428571,0.4,0.5
"All simulations",0.3,5,5,825,378.968361487843,221,33,295,276,0,236,102,211,549,0.459355589682234,0.267878787878788,0.04,0.357575757575758,0.334545454545455,0,0.402550091074681,0.429872495446266,0.185792349726776,0.384335154826958,0.4,0.5
"Additive only",0.4,5,5,39,17.7505928947441,14,1,9,15,0,22,0,2,24,0.455143407557542,0.358974358974359,0.0256410256410256,0.230769230769231,0.384615384615385,0,0.583333333333333,0.916666666666667,0,0.0833333333333333,0.4,0.5
"All simulations",0.4,5,5,670,306.333358868124,166,12,194,298,0,143,77,152,372,0.457213968459887,0.247761194029851,0.017910447761194,0.28955223880597,0.444776119402985,0,0.446236559139785,0.384408602150538,0.206989247311828,0.408602150537634,0.4,0.5
"Additive only",0.1,1,6,33,18.3211467815104,12,8,13,0,0,24,0,9,33,0.555186266106376,0.363636363636364,0.242424242424242,0.393939393939394,0,0,0.363636363636364,0.727272727272727,0,0.272727272727273,0.5,0.6
"All simulations",0.1,1,6,71,39.4111353171676,27,13,30,1,0,29,18,23,70,0.555086412917854,0.380281690140845,0.183098591549296,0.422535211267606,0.0140845070422535,0,0.385714285714286,0.414285714285714,0.257142857142857,0.328571428571429,0.5,0.6
"Additive only",0.2,1,6,22,11.7049351863449,9,1,7,5,0,16,0,1,17,0.532042508470223,0.409090909090909,0.0454545454545455,0.318181818181818,0.227272727272727,0,0.529411764705882,0.941176470588235,0,0.0588235294117647,0.5,0.6
"All simulations",0.2,1,6,66,35.1691888858047,29,5,16,16,0,22,14,14,50,0.532866498269769,0.439393939393939,0.0757575757575758,0.242424242424242,0.242424242424242,0,0.58,0.44,0.28,0.28,0.5,0.6
"Additive only",0.3,1,6,28,14.9660305843592,7,4,7,10,0,14,0,4,18,0.534501092298542,0.25,0.142857142857143,0.25,0.357142857142857,0,0.388888888888889,0.777777777777778,0,0.222222222222222,0.5,0.6
"All simulations",0.3,1,6,69,36.3348705077656,18,5,14,32,0,15,8,14,37,0.526592326199501,0.260869565217391,0.072463768115942,0.202898550724638,0.463768115942029,0,0.486486486486487,0.405405405405405,0.216216216216216,0.378378378378378,0.5,0.6
"Additive only",0.4,1,6,31,16.3240246719699,11,1,6,13,0,17,0,1,18,0.526581441031286,0.354838709677419,0.032258064516129,0.193548387096774,0.419354838709677,0,0.611111111111111,0.944444444444444,0,0.0555555555555556,0.5,0.6
"All simulations",0.4,1,6,82,42.7766252708611,21,2,12,47,0,18,4,13,35,0.521666161839769,0.25609756097561,0.024390243902439,0.146341463414634,0.573170731707317,0,0.6,0.514285714285714,0.114285714285714,0.371428571428571,0.5,0.6
"Additive only",0.1,2,6,24,12.8990772487372,10,5,8,1,0,16,1,6,23,0.537461552030716,0.416666666666667,0.208333333333333,0.333333333333333,0.0416666666666667,0,0.434782608695652,0.695652173913043,0.0434782608695652,0.260869565217391,0.5,0.6
"All simulations",0.1,2,6,145,78.8589646732102,82,16,42,5,0,40,39,61,140,0.54385492878076,0.56551724137931,0.110344827586207,0.289655172413793,0.0344827586206897,0,0.585714285714286,0.285714285714286,0.278571428571429,0.435714285714286,0.5,0.6
"Additive only",0.2,2,6,40,21.8143463209304,19,3,13,5,0,32,0,3,35,0.54535865802326,0.475,0.075,0.325,0.125,0,0.542857142857143,0.914285714285714,0,0.0857142857142857,0.5,0.6
"All simulations",0.2,2,6,173,94.3163917080813,91,8,55,19,0,59,34,61,154,0.545181454960007,0.526011560693642,0.046242774566474,0.317919075144509,0.109826589595376,0,0.590909090909091,0.383116883116883,0.220779220779221,0.396103896103896,0.5,0.6
"Additive only",0.3,2,6,31,16.6028219257158,10,2,10,9,0,20,0,2,22,0.535574900829541,0.32258064516129,0.0645161290322581,0.32258064516129,0.290322580645161,0,0.454545454545455,0.909090909090909,0,0.0909090909090909,0.5,0.6
"All simulations",0.3,2,6,151,81.6259451672844,70,3,44,34,0,40,29,48,117,0.540569173293274,0.463576158940397,0.0198675496688742,0.291390728476821,0.225165562913907,0,0.598290598290598,0.341880341880342,0.247863247863248,0.41025641025641,0.5,0.6
"Additive only",0.4,2,6,29,15.3159296713031,9,0,12,8,0,21,0,0,21,0.528135505907005,0.310344827586207,0,0.413793103448276,0.275862068965517,0,0.428571428571429,1,0,0,0.5,0.6
"All simulations",0.4,2,6,120,63.8122513270579,41,5,33,41,0,44,12,23,79,0.531768761058816,0.341666666666667,0.0416666666666667,0.275,0.341666666666667,0,0.518987341772152,0.556962025316456,0.151898734177215,0.291139240506329,0.5,0.6
"Additive only",0.1,3,6,22,12.0372121863399,10,4,8,0,0,17,1,4,22,0.547146008469997,0.454545454545455,0.181818181818182,0.363636363636364,0,0,0.454545454545455,0.772727272727273,0.0454545454545455,0.181818181818182,0.5,0.6
"All simulations",0.1,3,6,147,80.006511165896,66,18,63,0,0,45,54,48,147,0.544261980720381,0.448979591836735,0.122448979591837,0.428571428571429,0,0,0.448979591836735,0.306122448979592,0.36734693877551,0.326530612244898,0.5,0.6
"Additive only",0.2,3,6,42,22.7091582333792,22,5,13,2,0,35,0,5,40,0.540694243651886,0.523809523809524,0.119047619047619,0.30952380952381,0.0476190476190476,0,0.55,0.875,0,0.125,0.5,0.6
"All simulations",0.2,3,6,309,168.620435280117,160,29,110,10,0,117,66,116,299,0.545697201553776,0.517799352750809,0.0938511326860841,0.355987055016181,0.0323624595469256,0,0.535117056856187,0.391304347826087,0.220735785953177,0.387959866220736,0.5,0.6
"Additive only",0.3,3,6,35,19.0728984136201,12,1,21,1,0,33,0,1,34,0.54493995467486,0.342857142857143,0.0285714285714286,0.6,0.0285714285714286,0,0.352941176470588,0.970588235294118,0,0.0294117647058824,0.5,0.6
"All simulations",0.3,3,6,276,150.18306325251,120,21,117,18,0,101,67,90,258,0.544141533523588,0.434782608695652,0.0760869565217391,0.423913043478261,0.0652173913043478,0,0.465116279069767,0.391472868217054,0.25968992248062,0.348837209302326,0.5,0.6
"Additive only",0.4,3,6,30,16.1789296955078,18,2,8,2,0,26,0,2,28,0.539297656516928,0.6,0.0666666666666667,0.266666666666667,0.0666666666666667,0,0.642857142857143,0.928571428571429,0,0.0714285714285714,0.5,0.6
"All simulations",0.4,3,6,244,132.946733775971,115,18,85,26,0,101,43,74,218,0.544863663016277,0.471311475409836,0.0737704918032787,0.348360655737705,0.10655737704918,0,0.527522935779816,0.463302752293578,0.197247706422018,0.339449541284404,0.5,0.6
"Additive only",0.1,4,6,18,9.85838402994122,9,1,8,0,0,16,0,2,18,0.547688001663401,0.5,0.0555555555555556,0.444444444444444,0,0,0.5,0.888888888888889,0,0.111111111111111,0.5,0.6
"All simulations",0.1,4,6,185,100.858493419733,86,26,68,5,0,67,61,52,180,0.545181045512068,0.464864864864865,0.140540540540541,0.367567567567568,0.027027027027027,0,0.477777777777778,0.372222222222222,0.338888888888889,0.288888888888889,0.5,0.6
"Additive only",0.2,4,6,46,24.8819516358343,21,6,15,4,0,36,0,6,42,0.540911992083355,0.456521739130435,0.130434782608696,0.326086956521739,0.0869565217391304,0,0.5,0.857142857142857,0,0.142857142857143,0.5,0.6
"All simulations",0.2,4,6,515,281.090772893558,242,48,208,17,0,187,143,168,498,0.545807326006908,0.469902912621359,0.0932038834951456,0.403883495145631,0.0330097087378641,0,0.485943775100402,0.375502008032129,0.28714859437751,0.337349397590361,0.5,0.6
"Additive only",0.3,4,6,28,15.3028053785851,13,5,8,2,0,20,0,6,26,0.546528763520897,0.464285714285714,0.178571428571429,0.285714285714286,0.0714285714285714,0,0.5,0.769230769230769,0,0.230769230769231,0.5,0.6
"All simulations",0.3,4,6,424,231.684215692885,213,44,151,16,0,149,87,172,408,0.546425037011522,0.502358490566038,0.10377358490566,0.356132075471698,0.0377358490566038,0,0.522058823529412,0.365196078431373,0.213235294117647,0.42156862745098,0.5,0.6
"Additive only",0.4,4,6,21,11.5583124428768,8,1,11,1,0,19,0,1,20,0.550395830613181,0.380952380952381,0.0476190476190476,0.523809523809524,0.0476190476190476,0,0.4,0.95,0,0.05,0.5,0.6
"All simulations",0.4,4,6,325,178.730434315166,134,26,156,9,0,124,74,118,316,0.549939797892817,0.412307692307692,0.08,0.48,0.0276923076923077,0,0.424050632911392,0.392405063291139,0.234177215189873,0.373417721518987,0.5,0.6
"Additive only",0.1,5,6,12,6.59632741418481,3,4,5,0,0,6,0,6,12,0.549693951182068,0.25,0.333333333333333,0.416666666666667,0,0,0.25,0.5,0,0.5,0.5,0.6
"All simulations",0.1,5,6,185,102.159877667694,78,25,82,0,0,52,50,83,185,0.552215554960508,0.421621621621622,0.135135135135135,0.443243243243243,0,0,0.421621621621622,0.281081081081081,0.27027027027027,0.448648648648649,0.5,0.6
"Additive only",0.2,5,6,28,15.3712041956943,14,3,9,2,0,19,0,7,26,0.548971578417653,0.5,0.107142857142857,0.321428571428571,0.0714285714285714,0,0.538461538461538,0.730769230769231,0,0.269230769230769,0.5,0.6
"All simulations",0.2,5,6,608,333.367100490319,288,71,229,20,0,210,176,202,588,0.548301152122235,0.473684210526316,0.116776315789474,0.376644736842105,0.0328947368421053,0,0.489795918367347,0.357142857142857,0.299319727891156,0.343537414965986,0.5,0.6
"Additive only",0.3,5,6,30,16.1699184636403,16,2,9,3,0,24,0,3,27,0.538997282121344,0.533333333333333,0.0666666666666667,0.3,0.1,0,0.592592592592593,0.888888888888889,0,0.111111111111111,0.5,0.6
"All simulations",0.3,5,6,647,354.94228724318,319,53,250,25,0,251,167,204,622,0.54859704365252,0.493044822256569,0.0819165378670788,0.386398763523957,0.0386398763523957,0,0.512861736334405,0.403536977491961,0.268488745980707,0.327974276527331,0.5,0.6
"Additive only",0.4,5,6,31,17.0260726215023,14,1,13,3,0,25,0,3,28,0.549228149080718,0.451612903225806,0.032258064516129,0.419354838709677,0.0967741935483871,0,0.5,0.892857142857143,0,0.107142857142857,0.5,0.6
"All simulations",0.4,5,6,516,283.204323667569,261,14,214,27,0,203,120,166,489,0.548845588503042,0.505813953488372,0.0271317829457364,0.414728682170543,0.0523255813953488,0,0.533742331288344,0.415132924335378,0.245398773006135,0.339468302658487,0.5,0.6
"Additive only",0.1,1,7,20,13.0567851506778,9,6,5,0,0,14,0,6,20,0.652839257533888,0.45,0.3,0.25,0,0,0.45,0.7,0,0.3,0.6,0.7
"All simulations",0.1,1,7,42,27.4253666382352,20,9,13,0,0,17,11,14,42,0.652984919957981,0.476190476190476,0.214285714285714,0.30952380952381,0,0,0.476190476190476,0.404761904761905,0.261904761904762,0.333333333333333,0.6,0.7
"Additive only",0.2,1,7,24,15.5608818006437,14,3,7,0,0,20,0,4,24,0.64837007502682,0.583333333333333,0.125,0.291666666666667,0,0,0.583333333333333,0.833333333333333,0,0.166666666666667,0.6,0.7
"All simulations",0.2,1,7,60,38.744909849331,36,3,21,0,0,20,11,29,60,0.64574849748885,0.6,0.05,0.35,0,0,0.6,0.333333333333333,0.183333333333333,0.483333333333333,0.6,0.7
"Additive only",0.3,1,7,19,12.3524698290413,11,1,7,0,0,17,0,2,19,0.650129991002173,0.578947368421053,0.0526315789473684,0.368421052631579,0,0,0.578947368421053,0.894736842105263,0,0.105263157894737,0.6,0.7
"All simulations",0.3,1,7,34,22.1774296133707,22,2,10,0,0,18,3,13,34,0.652277341569726,0.647058823529412,0.0588235294117647,0.294117647058824,0,0,0.647058823529412,0.529411764705882,0.0882352941176471,0.382352941176471,0.6,0.7
"Additive only",0.4,1,7,9,5.80375659904204,2,1,6,0,0,8,0,1,9,0.644861844338004,0.222222222222222,0.111111111111111,0.666666666666667,0,0,0.222222222222222,0.888888888888889,0,0.111111111111111,0.6,0.7
"All simulations",0.4,1,7,20,12.9002611343872,10,1,9,0,0,8,3,9,20,0.64501305671936,0.5,0.05,0.45,0,0,0.5,0.4,0.15,0.45,0.6,0.7
"Additive only",0.1,2,7,28,18.0994758963646,15,4,9,0,0,23,1,4,28,0.646409853441593,0.535714285714286,0.142857142857143,0.321428571428571,0,0,0.535714285714286,0.821428571428571,0.0357142857142857,0.142857142857143,0.6,0.7
"All simulations",0.1,2,7,106,69.1392889904012,69,12,25,0,0,43,40,23,106,0.652257443305672,0.650943396226415,0.113207547169811,0.235849056603774,0,0,0.650943396226415,0.405660377358491,0.377358490566038,0.216981132075472,0.6,0.7
"Additive only",0.2,2,7,33,21.5238182820198,28,0,5,0,0,32,0,1,33,0.652236917636965,0.848484848484849,0,0.151515151515152,0,0,0.848484848484849,0.96969696969697,0,0.0303030303030303,0.6,0.7
"All simulations",0.2,2,7,142,92.2776614565425,107,5,30,0,0,63,31,48,142,0.649842686313679,0.753521126760563,0.0352112676056338,0.211267605633803,0,0,0.753521126760563,0.443661971830986,0.21830985915493,0.338028169014085,0.6,0.7
"Additive only",0.3,2,7,15,9.82286870543286,9,0,6,0,0,15,0,0,15,0.654857913695524,0.6,0,0.4,0,0,0.6,1,0,0,0.6,0.7
"All simulations",0.3,2,7,126,81.3408063708098,77,5,44,0,0,45,40,41,126,0.645561955323887,0.611111111111111,0.0396825396825397,0.349206349206349,0,0,0.611111111111111,0.357142857142857,0.317460317460317,0.325396825396825,0.6,0.7
"Additive only",0.4,2,7,18,11.761420886036,12,0,6,0,0,18,0,0,18,0.653412271446442,0.666666666666667,0,0.333333333333333,0,0,0.666666666666667,1,0,0,0.6,0.7
"All simulations",0.4,2,7,97,63.5174323235976,56,5,36,0,0,41,15,41,97,0.654818889933996,0.577319587628866,0.0515463917525773,0.371134020618557,0,0,0.577319587628866,0.422680412371134,0.154639175257732,0.422680412371134,0.6,0.7
"Additive only",0.1,3,7,14,9.10256274187432,6,4,4,0,0,9,0,5,14,0.650183052991023,0.428571428571429,0.285714285714286,0.285714285714286,0,0,0.428571428571429,0.642857142857143,0,0.357142857142857,0.6,0.7
"All simulations",0.1,3,7,114,74.4604500671496,58,15,41,0,0,36,34,44,114,0.653161842694294,0.508771929824561,0.131578947368421,0.359649122807018,0,0,0.508771929824561,0.315789473684211,0.298245614035088,0.385964912280702,0.6,0.7
"Additive only",0.2,3,7,35,22.6277520237737,21,7,7,0,0,28,1,6,35,0.646507200679248,0.6,0.2,0.2,0,0,0.6,0.8,0.0285714285714286,0.171428571428571,0.6,0.7
"All simulations",0.2,3,7,247,160.300762127237,153,25,69,0,0,92,70,85,247,0.648990939786383,0.619433198380567,0.101214574898785,0.279352226720648,0,0,0.619433198380567,0.37246963562753,0.283400809716599,0.34412955465587,0.6,0.7
"Additive only",0.3,3,7,29,18.8429895686162,21,4,4,0,0,24,0,5,29,0.649758260986764,0.724137931034483,0.137931034482759,0.137931034482759,0,0,0.724137931034483,0.827586206896552,0,0.172413793103448,0.6,0.7
"All simulations",0.3,3,7,222,143.853575009651,121,30,71,0,0,87,58,77,222,0.64798907662005,0.545045045045045,0.135135135135135,0.31981981981982,0,0,0.545045045045045,0.391891891891892,0.261261261261261,0.346846846846847,0.6,0.7
"Additive only",0.4,3,7,20,13.0690174598558,12,2,6,0,0,18,0,2,20,0.653450872992791,0.6,0.1,0.3,0,0,0.6,0.9,0,0.1,0.6,0.7
"All simulations",0.4,3,7,215,140.267486669955,126,17,72,0,0,75,51,89,215,0.652406914743978,0.586046511627907,0.0790697674418605,0.334883720930233,0,0,0.586046511627907,0.348837209302326,0.237209302325581,0.413953488372093,0.6,0.7
"Additive only",0.1,4,7,5,3.28508224963131,3,0,2,0,0,4,1,0,5,0.657016449926263,0.6,0,0.4,0,0,0.6,0.8,0.2,0,0.6,0.7
"All simulations",0.1,4,7,123,79.829865499459,65,12,46,0,0,33,51,39,123,0.649023296743569,0.528455284552846,0.0975609756097561,0.373983739837398,0,0,0.528455284552846,0.268292682926829,0.414634146341463,0.317073170731707,0.6,0.7
"Additive only",0.2,4,7,33,21.3931102456523,16,3,14,0,0,30,0,3,33,0.648276068050068,0.484848484848485,0.0909090909090909,0.424242424242424,0,0,0.484848484848485,0.909090909090909,0,0.0909090909090909,0.6,0.7
"All simulations",0.2,4,7,373,241.127868940978,216,38,119,0,0,150,101,122,373,0.646455412710398,0.579088471849866,0.101876675603217,0.319034852546917,0,0,0.579088471849866,0.402144772117962,0.270777479892761,0.327077747989276,0.6,0.7
"Additive only",0.3,4,7,43,27.9838594574234,24,2,17,0,0,41,0,2,43,0.650787429242405,0.558139534883721,0.0465116279069767,0.395348837209302,0,0,0.558139534883721,0.953488372093023,0,0.0465116279069767,0.6,0.7
"All simulations",0.3,4,7,458,298.290622566841,278,34,146,0,0,185,102,171,458,0.651289568923233,0.606986899563319,0.074235807860262,0.318777292576419,0,0,0.606986899563319,0.403930131004367,0.222707423580786,0.373362445414847,0.6,0.7
"Additive only",0.4,4,7,26,16.8231945675075,16,1,9,0,0,24,0,2,26,0.647045944904133,0.615384615384615,0.0384615384615385,0.346153846153846,0,0,0.615384615384615,0.923076923076923,0,0.0769230769230769,0.6,0.7
"All simulations",0.4,4,7,330,213.667599568471,203,24,103,0,0,130,66,134,330,0.647477574449913,0.615151515151515,0.0727272727272727,0.312121212121212,0,0,0.615151515151515,0.393939393939394,0.2,0.406060606060606,0.6,0.7
"Additive only",0.1,5,7,8,5.31139546391606,3,0,5,0,0,6,0,2,8,0.663924432989507,0.375,0,0.625,0,0,0.375,0.75,0,0.25,0.6,0.7
"All simulations",0.1,5,7,164,106.459887050615,67,14,83,0,0,62,48,54,164,0.649145652747652,0.408536585365854,0.0853658536585366,0.50609756097561,0,0,0.408536585365854,0.378048780487805,0.292682926829268,0.329268292682927,0.6,0.7
"Additive only",0.2,5,7,22,14.1040176526061,13,2,7,0,0,20,0,2,22,0.641091711482096,0.590909090909091,0.0909090909090909,0.318181818181818,0,0,0.590909090909091,0.909090909090909,0,0.0909090909090909,0.6,0.7
"All simulations",0.2,5,7,516,335.676375643189,276,51,189,0,0,190,148,178,516,0.650535611711606,0.534883720930233,0.0988372093023256,0.366279069767442,0,0,0.534883720930233,0.368217054263566,0.286821705426357,0.344961240310078,0.6,0.7
"Additive only",0.3,5,7,37,23.8026242560487,21,2,14,0,0,32,0,5,37,0.643314169082397,0.567567567567568,0.0540540540540541,0.378378378378378,0,0,0.567567567567568,0.864864864864865,0,0.135135135135135,0.6,0.7
"All simulations",0.3,5,7,664,430.877612102677,398,50,216,0,0,261,187,216,664,0.648912066419695,0.599397590361446,0.0753012048192771,0.325301204819277,0,0,0.599397590361446,0.393072289156627,0.281626506024096,0.325301204819277,0.6,0.7
"Additive only",0.4,5,7,24,15.6429883378484,12,2,10,0,0,21,0,3,24,0.651791180743683,0.5,0.0833333333333333,0.416666666666667,0,0,0.5,0.875,0,0.125,0.6,0.7
"All simulations",0.4,5,7,437,285.032434903215,276,25,136,0,0,176,98,163,437,0.652248134789965,0.631578947368421,0.05720823798627,0.311212814645309,0,0,0.631578947368421,0.402745995423341,0.224256292906178,0.372997711670481,0.6,0.7
"Additive only",0.1,1,8,14,10.4097843467578,11,0,3,0,0,14,0,0,14,0.743556024768416,0.785714285714286,0,0.214285714285714,0,0,0.785714285714286,1,0,0,0.7,0.8
"All simulations",0.1,1,8,33,24.5110206195281,26,1,6,0,0,15,8,10,33,0.742758200591761,0.787878787878788,0.0303030303030303,0.181818181818182,0,0,0.787878787878788,0.454545454545455,0.242424242424242,0.303030303030303,0.7,0.8
"Additive only",0.2,1,8,16,11.9655297213584,12,0,4,0,0,16,0,0,16,0.7478456075849,0.75,0,0.25,0,0,0.75,1,0,0,0.7,0.8
"All simulations",0.2,1,8,39,29.2062009750551,26,1,12,0,0,17,7,15,39,0.748876948078335,0.666666666666667,0.0256410256410256,0.307692307692308,0,0,0.666666666666667,0.435897435897436,0.179487179487179,0.384615384615385,0.7,0.8
"Additive only",0.3,1,8,16,12.0486743000125,12,0,4,0,0,16,0,0,16,0.75304214375078,0.75,0,0.25,0,0,0.75,1,0,0,0.7,0.8
"All simulations",0.3,1,8,46,34.3997794091053,32,1,13,0,0,17,15,14,46,0.747821291502288,0.695652173913043,0.0217391304347826,0.282608695652174,0,0,0.695652173913043,0.369565217391304,0.326086956521739,0.304347826086957,0.7,0.8
"Additive only",0.4,1,8,11,8.23555228140221,9,0,2,0,0,11,0,0,11,0.748686571036565,0.818181818181818,0,0.181818181818182,0,0,0.818181818181818,1,0,0,0.7,0.8
"All simulations",0.4,1,8,29,22.0049992832468,21,1,7,0,0,12,6,11,29,0.75879307873265,0.724137931034483,0.0344827586206897,0.241379310344828,0,0,0.724137931034483,0.413793103448276,0.206896551724138,0.379310344827586,0.7,0.8
"Additive only",0.1,2,8,14,10.4414105452004,9,4,1,0,0,10,1,3,14,0.745815038942882,0.642857142857143,0.285714285714286,0.0714285714285714,0,0,0.642857142857143,0.714285714285714,0.0714285714285714,0.214285714285714,0.7,0.8
"All simulations",0.1,2,8,86,64.2320900497526,64,8,14,0,0,30,27,29,86,0.746884768020379,0.744186046511628,0.0930232558139535,0.162790697674419,0,0,0.744186046511628,0.348837209302326,0.313953488372093,0.337209302325581,0.7,0.8
"Additive only",0.2,2,8,21,15.7319345410912,15,2,4,0,0,19,0,2,21,0.749139740051963,0.714285714285714,0.0952380952380952,0.19047619047619,0,0,0.714285714285714,0.904761904761905,0,0.0952380952380952,0.7,0.8
"All simulations",0.2,2,8,138,103.101598938302,92,9,37,0,0,52,29,57,138,0.747113035784797,0.666666666666667,0.0652173913043478,0.268115942028986,0,0,0.666666666666667,0.376811594202899,0.210144927536232,0.41304347826087,0.7,0.8
"Additive only",0.3,2,8,22,16.6057519850171,16,1,5,0,0,21,0,1,22,0.754806908409868,0.727272727272727,0.0454545454545455,0.227272727272727,0,0,0.727272727272727,0.954545454545455,0,0.0454545454545455,0.7,0.8
"All simulations",0.3,2,8,117,87.570184254747,90,5,22,0,0,48,21,48,117,0.748463113288436,0.769230769230769,0.0427350427350427,0.188034188034188,0,0,0.769230769230769,0.41025641025641,0.179487179487179,0.41025641025641,0.7,0.8
"Additive only",0.4,2,8,19,14.0256307411372,14,1,4,0,0,18,0,1,19,0.7381910916388,0.736842105263158,0.0526315789473684,0.210526315789474,0,0,0.736842105263158,0.947368421052632,0,0.0526315789473684,0.7,0.8
"All simulations",0.4,2,8,101,75.0225492912262,77,2,22,0,0,37,35,29,101,0.742797517734913,0.762376237623762,0.0198019801980198,0.217821782178218,0,0,0.762376237623762,0.366336633663366,0.346534653465347,0.287128712871287,0.7,0.8
"Additive only",0.1,3,8,12,9.04003190031871,9,1,2,0,0,11,0,1,12,0.753335991693226,0.75,0.0833333333333333,0.166666666666667,0,0,0.75,0.916666666666667,0,0.0833333333333333,0.7,0.8
"All simulations",0.1,3,8,100,74.8316791779794,68,6,26,0,0,34,33,33,100,0.748316791779794,0.68,0.06,0.26,0,0,0.68,0.34,0.33,0.33,0.7,0.8
"Additive only",0.2,3,8,30,22.3526561136848,20,6,4,0,0,23,0,7,30,0.745088537122827,0.666666666666667,0.2,0.133333333333333,0,0,0.666666666666667,0.766666666666667,0,0.233333333333333,0.7,0.8
"All simulations",0.2,3,8,271,203.723781787988,183,42,46,0,0,110,78,83,271,0.751748272280398,0.675276752767528,0.154981549815498,0.169741697416974,0,0,0.675276752767528,0.40590405904059,0.287822878228782,0.306273062730627,0.7,0.8
"Additive only",0.3,3,8,38,28.2712240927715,26,3,9,0,0,34,0,4,38,0.743979581388724,0.684210526315789,0.0789473684210526,0.236842105263158,0,0,0.684210526315789,0.894736842105263,0,0.105263157894737,0.7,0.8
"All simulations",0.3,3,8,253,190.461615895518,165,23,65,0,0,91,75,87,253,0.752812711049477,0.652173913043478,0.0909090909090909,0.256916996047431,0,0,0.652173913043478,0.359683794466403,0.296442687747036,0.343873517786561,0.7,0.8
"Additive only",0.4,3,8,23,17.2704862013926,16,1,6,0,0,20,0,3,23,0.750890704408376,0.695652173913043,0.0434782608695652,0.260869565217391,0,0,0.695652173913043,0.869565217391304,0,0.130434782608696,0.7,0.8
"All simulations",0.4,3,8,193,144.258667881002,126,10,57,0,0,66,58,69,193,0.747454237725399,0.652849740932642,0.0518134715025907,0.295336787564767,0,0,0.652849740932642,0.341968911917098,0.300518134715026,0.357512953367876,0.7,0.8
"Additive only",0.1,4,8,3,2.27841045796202,2,0,1,0,0,3,0,0,3,0.759470152654007,0.666666666666667,0,0.333333333333333,0,0,0.666666666666667,1,0,0,0.7,0.8
"All simulations",0.1,4,8,91,68.1788333629733,57,9,25,0,0,18,34,39,91,0.749217949043663,0.626373626373626,0.0989010989010989,0.274725274725275,0,0,0.626373626373626,0.197802197802198,0.373626373626374,0.428571428571429,0.7,0.8
"Additive only",0.2,4,8,31,23.0991855532129,20,2,9,0,0,28,0,3,31,0.745135017845579,0.645161290322581,0.0645161290322581,0.290322580645161,0,0,0.645161290322581,0.903225806451613,0,0.0967741935483871,0.7,0.8
"All simulations",0.2,4,8,304,228.182926961722,213,27,64,0,0,122,87,95,304,0.750601733426718,0.700657894736842,0.0888157894736842,0.210526315789474,0,0,0.700657894736842,0.401315789473684,0.286184210526316,0.3125,0.7,0.8
"Additive only",0.3,4,8,45,33.7357144233362,31,3,11,0,0,41,0,4,45,0.749682542740804,0.688888888888889,0.0666666666666667,0.244444444444444,0,0,0.688888888888889,0.911111111111111,0,0.0888888888888889,0.7,0.8
"All simulations",0.3,4,8,418,312.263677484005,289,37,92,0,0,175,101,142,418,0.74704229063159,0.691387559808612,0.0885167464114833,0.220095693779904,0,0,0.691387559808612,0.41866028708134,0.241626794258373,0.339712918660287,0.7,0.8
"Additive only",0.4,4,8,37,28.0024566597654,28,0,9,0,0,37,0,0,37,0.756823152966632,0.756756756756757,0,0.243243243243243,0,0,0.756756756756757,1,0,0,0.7,0.8
"All simulations",0.4,4,8,395,297.167498002311,266,19,110,0,0,174,93,128,395,0.752322779752685,0.673417721518987,0.0481012658227848,0.278481012658228,0,0,0.673417721518987,0.440506329113924,0.235443037974684,0.324050632911392,0.7,0.8
"Additive only",0.1,5,8,4,3.00600270823325,1,0,3,0,0,4,0,0,4,0.751500677058314,0.25,0,0.75,0,0,0.25,1,0,0,0.7,0.8
"All simulations",0.1,5,8,94,70.3004896287038,38,12,44,0,0,35,25,34,94,0.74787754924153,0.404255319148936,0.127659574468085,0.468085106382979,0,0,0.404255319148936,0.372340425531915,0.265957446808511,0.361702127659574,0.7,0.8
"Additive only",0.2,5,8,32,23.9352094090423,19,5,8,0,0,26,0,6,32,0.747975294032571,0.59375,0.15625,0.25,0,0,0.59375,0.8125,0,0.1875,0.7,0.8
"All simulations",0.2,5,8,417,312.071880289497,274,36,107,0,0,143,120,154,417,0.748373813643878,0.657074340527578,0.0863309352517986,0.256594724220624,0,0,0.657074340527578,0.342925659472422,0.287769784172662,0.369304556354916,0.7,0.8
"Additive only",0.3,5,8,34,25.3820489694101,20,5,9,0,0,29,0,5,34,0.746530852041474,0.588235294117647,0.147058823529412,0.264705882352941,0,0,0.588235294117647,0.852941176470588,0,0.147058823529412,0.7,0.8
"All simulations",0.3,5,8,560,420.775534315899,367,58,135,0,0,192,160,208,560,0.751384882706962,0.655357142857143,0.103571428571429,0.241071428571429,0,0,0.655357142857143,0.342857142857143,0.285714285714286,0.371428571428571,0.7,0.8
"Additive only",0.4,5,8,28,20.7641062550228,14,1,13,0,0,25,0,3,28,0.741575223393673,0.5,0.0357142857142857,0.464285714285714,0,0,0.5,0.892857142857143,0,0.107142857142857,0.7,0.8
"All simulations",0.4,5,8,489,368.628297057082,312,36,141,0,0,204,126,159,489,0.753841098276241,0.638036809815951,0.0736196319018405,0.288343558282209,0,0,0.638036809815951,0.417177914110429,0.257668711656442,0.325153374233129,0.7,0.8
"Additive only",0.1,1,9,16,13.621912447583,14,2,0,0,0,14,0,2,16,0.851369527973936,0.875,0.125,0,0,0,0.875,0.875,0,0.125,0.8,0.9
"All simulations",0.1,1,9,40,34.0960837115011,36,4,0,0,0,16,8,16,40,0.852402092787528,0.9,0.1,0,0,0,0.9,0.4,0.2,0.4,0.8,0.9
"Additive only",0.2,1,9,21,18.0488943854656,15,2,4,0,0,19,0,2,21,0.859471161212647,0.714285714285714,0.0952380952380952,0.19047619047619,0,0,0.714285714285714,0.904761904761905,0,0.0952380952380952,0.8,0.9
"All simulations",0.2,1,9,55,46.8327113336594,45,3,7,0,0,20,14,21,55,0.85150384243017,0.818181818181818,0.0545454545454545,0.127272727272727,0,0,0.818181818181818,0.363636363636364,0.254545454545455,0.381818181818182,0.8,0.9
"Additive only",0.3,1,9,19,16.0083214453185,17,0,2,0,0,19,0,0,19,0.842543233964131,0.894736842105263,0,0.105263157894737,0,0,0.894736842105263,1,0,0,0.8,0.9
"All simulations",0.3,1,9,42,35.7427558374956,37,0,5,0,0,19,9,14,42,0.851017996130847,0.880952380952381,0,0.119047619047619,0,0,0.880952380952381,0.452380952380952,0.214285714285714,0.333333333333333,0.8,0.9
"Additive only",0.4,1,9,19,16.2446428367797,15,0,4,0,0,19,0,0,19,0.854981201935775,0.789473684210526,0,0.210526315789474,0,0,0.789473684210526,1,0,0,0.8,0.9
"All simulations",0.4,1,9,40,34.129091133493,32,0,8,0,0,19,7,14,40,0.853227278337324,0.8,0,0.2,0,0,0.8,0.475,0.175,0.35,0.8,0.9
"Additive only",0.1,2,9,10,8.54868315978858,8,0,2,0,0,9,0,1,10,0.854868315978858,0.8,0,0.2,0,0,0.8,0.9,0,0.1,0.8,0.9
"All simulations",0.1,2,9,77,65.9645287780696,65,2,10,0,0,20,28,29,77,0.856682191922982,0.844155844155844,0.025974025974026,0.12987012987013,0,0,0.844155844155844,0.25974025974026,0.363636363636364,0.376623376623377,0.8,0.9
"Additive only",0.2,2,9,29,24.7052515124646,24,0,5,0,0,29,0,0,29,0.851905224567744,0.827586206896552,0,0.172413793103448,0,0,0.827586206896552,1,0,0,0.8,0.9
"All simulations",0.2,2,9,145,123.427616081762,121,5,19,0,0,55,47,43,145,0.851224938494909,0.83448275862069,0.0344827586206897,0.131034482758621,0,0,0.83448275862069,0.379310344827586,0.324137931034483,0.296551724137931,0.8,0.9
"Additive only",0.3,2,9,32,27.2625527202314,30,0,2,0,0,32,0,0,32,0.851954772507231,0.9375,0,0.0625,0,0,0.9375,1,0,0,0.8,0.9
"All simulations",0.3,2,9,121,103.298703286568,107,3,11,0,0,46,29,46,121,0.853708291624531,0.884297520661157,0.0247933884297521,0.0909090909090909,0,0,0.884297520661157,0.380165289256198,0.239669421487603,0.380165289256198,0.8,0.9
"Additive only",0.4,2,9,21,18.1173710641122,18,0,3,0,0,21,0,0,21,0.862731955433913,0.857142857142857,0,0.142857142857143,0,0,0.857142857142857,1,0,0,0.8,0.9
"All simulations",0.4,2,9,108,92.5375454858086,93,2,13,0,0,48,23,37,108,0.856829124868599,0.861111111111111,0.0185185185185185,0.12037037037037,0,0,0.861111111111111,0.444444444444444,0.212962962962963,0.342592592592593,0.8,0.9
"Additive only",0.1,3,9,9,7.5900333704677,4,2,3,0,0,7,0,2,9,0.843337041163078,0.444444444444444,0.222222222222222,0.333333333333333,0,0,0.444444444444444,0.777777777777778,0,0.222222222222222,0.8,0.9
"All simulations",0.1,3,9,101,85.7631053509529,69,9,23,0,0,31,36,34,101,0.849139656940127,0.683168316831683,0.0891089108910891,0.227722772277228,0,0,0.683168316831683,0.306930693069307,0.356435643564356,0.336633663366337,0.8,0.9
"Additive only",0.2,3,9,24,20.4799389015744,18,3,3,0,0,21,0,3,24,0.853330787565601,0.75,0.125,0.125,0,0,0.75,0.875,0,0.125,0.8,0.9
"All simulations",0.2,3,9,291,248.531423581741,239,16,36,0,0,99,89,103,291,0.854059874851344,0.821305841924399,0.0549828178694158,0.123711340206186,0,0,0.821305841924399,0.34020618556701,0.305841924398625,0.353951890034364,0.8,0.9
"Additive only",0.3,3,9,43,36.7858938242527,33,4,6,0,0,39,0,4,43,0.855485902889597,0.767441860465116,0.0930232558139535,0.13953488372093,0,0,0.767441860465116,0.906976744186046,0,0.0930232558139535,0.8,0.9
"All simulations",0.3,3,9,323,274.692841050259,269,15,39,0,0,128,75,120,323,0.850442232353744,0.8328173374613,0.0464396284829721,0.120743034055728,0,0,0.8328173374613,0.396284829721362,0.232198142414861,0.371517027863777,0.8,0.9
"Additive only",0.4,3,9,36,31.0599543998269,29,3,4,0,0,33,0,3,36,0.862776511106301,0.805555555555556,0.0833333333333333,0.111111111111111,0,0,0.805555555555556,0.916666666666667,0,0.0833333333333333,0.8,0.9
"All simulations",0.4,3,9,216,184.723559689125,179,9,28,0,0,92,39,85,216,0.855201665227433,0.828703703703704,0.0416666666666667,0.12962962962963,0,0,0.828703703703704,0.425925925925926,0.180555555555556,0.393518518518519,0.8,0.9
"Additive only",0.1,4,9,7,5.80384269302569,4,1,2,0,0,5,0,2,7,0.829120384717955,0.571428571428571,0.142857142857143,0.285714285714286,0,0,0.571428571428571,0.714285714285714,0,0.285714285714286,0.8,0.9
"All simulations",0.1,4,9,115,97.4474111428972,83,10,22,0,0,30,44,41,115,0.847368792546932,0.721739130434783,0.0869565217391304,0.191304347826087,0,0,0.721739130434783,0.260869565217391,0.382608695652174,0.356521739130435,0.8,0.9
"Additive only",0.2,4,9,32,27.2167590485925,23,5,4,0,0,26,0,6,32,0.850523720268515,0.71875,0.15625,0.125,0,0,0.71875,0.8125,0,0.1875,0.8,0.9
"All simulations",0.2,4,9,344,292.720019688091,272,28,44,0,0,115,102,127,344,0.850930289790964,0.790697674418605,0.0813953488372093,0.127906976744186,0,0,0.790697674418605,0.334302325581395,0.296511627906977,0.369186046511628,0.8,0.9
"Additive only",0.3,4,9,36,30.5519536341122,28,4,4,0,0,32,0,4,36,0.848665378725339,0.777777777777778,0.111111111111111,0.111111111111111,0,0,0.777777777777778,0.888888888888889,0,0.111111111111111,0.8,0.9
"All simulations",0.3,4,9,456,387.85321088792,379,25,52,0,0,181,123,152,456,0.850555287034913,0.831140350877193,0.0548245614035088,0.114035087719298,0,0,0.831140350877193,0.396929824561404,0.269736842105263,0.333333333333333,0.8,0.9
"Additive only",0.4,4,9,37,31.4726171700143,27,5,5,0,0,32,0,5,37,0.850611274865251,0.72972972972973,0.135135135135135,0.135135135135135,0,0,0.72972972972973,0.864864864864865,0,0.135135135135135,0.8,0.9
"All simulations",0.4,4,9,445,378.726509763834,379,14,52,0,0,153,114,178,445,0.851070808458053,0.851685393258427,0.0314606741573034,0.11685393258427,0,0,0.851685393258427,0.343820224719101,0.256179775280899,0.4,0.8,0.9
"Additive only",0.1,5,9,6,5.09222354654067,4,1,1,0,0,5,0,1,6,0.848703924423445,0.666666666666667,0.166666666666667,0.166666666666667,0,0,0.666666666666667,0.833333333333333,0,0.166666666666667,0.8,0.9
"All simulations",0.1,5,9,80,67.7676836376573,51,6,23,0,0,26,30,24,80,0.847096045470716,0.6375,0.075,0.2875,0,0,0.6375,0.325,0.375,0.3,0.8,0.9
"Additive only",0.2,5,9,20,16.899884641057,13,1,6,0,0,19,0,1,20,0.844994232052849,0.65,0.05,0.3,0,0,0.65,0.95,0,0.05,0.8,0.9
"All simulations",0.2,5,9,556,473.759272496057,405,39,112,0,0,178,156,222,556,0.852085022474923,0.72841726618705,0.0701438848920863,0.201438848920863,0,0,0.72841726618705,0.320143884892086,0.280575539568345,0.399280575539568,0.8,0.9
"Additive only",0.3,5,9,35,29.865253193658,25,1,9,0,0,33,0,2,35,0.85329294839023,0.714285714285714,0.0285714285714286,0.257142857142857,0,0,0.714285714285714,0.942857142857143,0,0.0571428571428571,0.8,0.9
"All simulations",0.3,5,9,683,582.687045375341,511,40,132,0,0,268,168,247,683,0.85312890977356,0.748169838945827,0.0585651537335286,0.193265007320644,0,0,0.748169838945827,0.392386530014641,0.24597364568082,0.361639824304539,0.8,0.9
"Additive only",0.4,5,9,48,41.1905345667531,33,2,13,0,0,45,0,3,48,0.858136136807356,0.6875,0.0416666666666667,0.270833333333333,0,0,0.6875,0.9375,0,0.0625,0.8,0.9
"All simulations",0.4,5,9,688,587.166235393492,518,51,119,0,0,259,195,234,688,0.853439295630076,0.752906976744186,0.0741279069767442,0.17296511627907,0,0,0.752906976744186,0.376453488372093,0.28343023255814,0.340116279069767,0.8,0.9
"Additive only",0.1,1,10,26,25.0531508813904,26,0,0,0,0,26,0,0,26,0.963582726207324,1,0,0,0,0,1,1,0,0,0.9,1
"All simulations",0.1,1,10,139,135.385688585296,135,1,3,0,0,27,67,45,139,0.973997759606448,0.971223021582734,0.00719424460431655,0.0215827338129496,0,0,0.971223021582734,0.194244604316547,0.482014388489209,0.323741007194245,0.9,1
"Additive only",0.2,1,10,76,74.3449199270382,73,1,2,0,0,75,0,1,76,0.978222630618923,0.960526315789474,0.0131578947368421,0.0263157894736842,0,0,0.960526315789474,0.986842105263158,0,0.0131578947368421,0.9,1
"All simulations",0.2,1,10,259,255.02642940003,252,3,4,0,0,77,99,83,259,0.984658028571546,0.972972972972973,0.0115830115830116,0.0154440154440154,0,0,0.972972972972973,0.297297297297297,0.382239382239382,0.32046332046332,0.9,1
"Additive only",0.3,1,10,112,110.377165122575,107,1,4,0,0,111,0,1,112,0.985510402880135,0.955357142857143,0.00892857142857143,0.0357142857142857,0,0,0.955357142857143,0.991071428571429,0,0.00892857142857143,0.9,1
"All simulations",0.3,1,10,359,354.240512131597,349,3,7,0,0,113,123,123,359,0.986742373625618,0.972144846796657,0.00835654596100279,0.0194986072423398,0,0,0.972144846796657,0.314763231197772,0.342618384401114,0.342618384401114,0.9,1
"Additive only",0.4,1,10,138,136.339015788459,133,1,4,0,0,137,0,1,138,0.987963882525064,0.963768115942029,0.0072463768115942,0.0289855072463768,0,0,0.963768115942029,0.992753623188406,0,0.0072463768115942,0.9,1
"All simulations",0.4,1,10,421,417.061856676559,412,3,6,0,0,139,141,141,421,0.990645740324368,0.978622327790974,0.00712589073634204,0.0142517814726841,0,0,0.978622327790974,0.330166270783848,0.334916864608076,0.334916864608076,0.9,1
"Additive only",0.1,2,10,21,20.2235196016508,17,0,4,0,0,21,0,0,21,0.963024742935755,0.80952380952381,0,0.19047619047619,0,0,0.80952380952381,1,0,0,0.9,1
"All simulations",0.1,2,10,204,197.971674217993,188,1,15,0,0,42,117,45,204,0.970449383421535,0.92156862745098,0.00490196078431373,0.0735294117647059,0,0,0.92156862745098,0.205882352941176,0.573529411764706,0.220588235294118,0.9,1
"Additive only",0.2,2,10,79,76.9276532212481,72,0,7,0,0,79,0,0,79,0.973767762294279,0.911392405063291,0,0.0886075949367089,0,0,0.911392405063291,1,0,0,0.9,1
"All simulations",0.2,2,10,619,607.341333579632,595,2,22,0,0,157,291,171,619,0.98116532080716,0.961227786752827,0.00323101777059774,0.0355411954765751,0,0,0.961227786752827,0.253634894991922,0.470113085621971,0.276252019386107,0.9,1
"Additive only",0.3,2,10,140,136.991993010372,130,0,10,0,0,139,1,0,140,0.978514235788369,0.928571428571429,0,0.0714285714285714,0,0,0.928571428571429,0.992857142857143,0.00714285714285714,0,0.9,1
"All simulations",0.3,2,10,946,930.040711368295,910,2,31,3,0,279,378,286,943,0.983129716034139,0.961945031712474,0.00211416490486258,0.03276955602537,0.00317124735729387,0,0.965005302226935,0.295864262990456,0.40084835630965,0.303287380699894,0.9,1
"Additive only",0.4,2,10,184,181.926703060444,173,0,11,0,0,183,1,0,184,0.988732081850238,0.940217391304348,0,0.0597826086956522,0,0,0.940217391304348,0.994565217391304,0.00543478260869565,0,0.9,1
"All simulations",0.4,2,10,1153,1140.43469520094,1119,1,26,7,0,344,425,377,1146,0.989102077364214,0.970511708586297,0.000867302688638335,0.0225498699045967,0.00607111882046834,0,0.976439790575916,0.300174520069808,0.370855148342059,0.328970331588133,0.9,1
"Additive only",0.1,3,10,6,5.64292803433591,3,2,1,0,0,4,0,2,6,0.940488005722652,0.5,0.333333333333333,0.166666666666667,0,0,0.5,0.666666666666667,0,0.333333333333333,0.9,1
"All simulations",0.1,3,10,175,168.300481702096,156,10,9,0,0,23,118,34,175,0.961717038297694,0.891428571428571,0.0571428571428571,0.0514285714285714,0,0,0.891428571428571,0.131428571428571,0.674285714285714,0.194285714285714,0.9,1
"Additive only",0.2,3,10,55,53.1181667503701,47,2,6,0,0,53,0,2,55,0.965784850006729,0.854545454545454,0.0363636363636364,0.109090909090909,0,0,0.854545454545454,0.963636363636364,0,0.0363636363636364,0.9,1
"All simulations",0.2,3,10,953,931.125329150603,897,21,35,0,0,184,520,249,953,0.97704651537314,0.941238195173137,0.0220356768100735,0.0367261280167891,0,0,0.941238195173137,0.193074501573977,0.545645330535152,0.261280167890871,0.9,1
"Additive only",0.3,3,10,110,107.413997765057,106,1,3,0,0,109,0,1,110,0.976490888773245,0.963636363636364,0.00909090909090909,0.0272727272727273,0,0,0.963636363636364,0.990909090909091,0,0.00909090909090909,0.9,1
"All simulations",0.3,3,10,1577,1553.68747601088,1525,20,32,0,0,380,747,450,1577,0.985217169315714,0.967025998731769,0.0126823081800888,0.020291693088142,0,0,0.967025998731769,0.240963855421687,0.473684210526316,0.285351934051997,0.9,1
"Additive only",0.4,3,10,179,175.598479119962,171,1,7,0,0,178,0,1,179,0.980997090055655,0.955307262569832,0.00558659217877095,0.0391061452513966,0,0,0.955307262569832,0.994413407821229,0,0.00558659217877095,0.9,1
"All simulations",0.4,3,10,2047,2023.42604231487,1982,18,38,9,0,554,866,618,2038,0.98848365525885,0.968246213971666,0.0087933561309233,0.0185637518319492,0.00439667806546165,0,0.97252208047105,0.271835132482826,0.424926398429833,0.303238469087341,0.9,1
"Additive only",0.1,4,10,5,4.79819108722072,4,0,1,0,0,5,0,0,5,0.959638217444143,0.8,0,0.2,0,0,0.8,1,0,0,0.9,1
"All simulations",0.1,4,10,113,108.207173488555,101,0,12,0,0,23,68,22,113,0.957585606093406,0.893805309734513,0,0.106194690265487,0,0,0.893805309734513,0.20353982300885,0.601769911504425,0.194690265486726,0.9,1
"Additive only",0.2,4,10,36,34.8821484503463,32,2,2,0,0,34,0,2,36,0.968948568065175,0.888888888888889,0.0555555555555556,0.0555555555555556,0,0,0.888888888888889,0.944444444444444,0,0.0555555555555556,0.9,1
"All simulations",0.2,4,10,1186,1156.42661788397,1126,14,46,0,0,219,660,307,1186,0.975064601925773,0.949409780775717,0.0118043844856661,0.0387858347386172,0,0,0.949409780775717,0.184654300168634,0.556492411467116,0.25885328836425,0.9,1
"Additive only",0.3,4,10,116,112.643656923952,105,3,8,0,0,112,0,4,116,0.971066007965103,0.905172413793103,0.0258620689655172,0.0689655172413793,0,0,0.905172413793103,0.96551724137931,0,0.0344827586206897,0.9,1
"All simulations",0.3,4,10,2316,2276.89010870966,2234,24,58,0,0,531,1178,607,2316,0.983113173017989,0.964594127806563,0.0103626943005181,0.0250431778929188,0,0,0.964594127806563,0.229274611398964,0.508635578583765,0.262089810017271,0.9,1
"Additive only",0.4,4,10,184,180.311986160954,166,4,14,0,0,179,0,5,184,0.979956446526921,0.902173913043478,0.0217391304347826,0.0760869565217391,0,0,0.902173913043478,0.972826086956522,0,0.0271739130434783,0.9,1
"All simulations",0.4,4,10,3125,3087.40961359644,3012,27,85,1,0,840,1419,865,3124,0.987971076350861,0.96384,0.00864,0.0272,0.00032,0,0.964148527528809,0.268886043533931,0.454225352112676,0.276888604353393,0.9,1
"Additive only",0.1,5,10,4,3.80536158972032,3,0,1,0,0,3,1,0,4,0.951340397430079,0.75,0,0.25,0,0,0.75,0.75,0.25,0,0.9,1
"All simulations",0.1,5,10,151,144.83714553735,119,0,32,0,0,27,98,26,151,0.959186394287086,0.788079470198676,0,0.211920529801325,0,0,0.788079470198676,0.178807947019868,0.649006622516556,0.172185430463576,0.9,1
"Additive only",0.2,5,10,35,33.5233116274159,31,2,2,0,0,33,0,2,35,0.957808903640454,0.885714285714286,0.0571428571428571,0.0571428571428571,0,0,0.885714285714286,0.942857142857143,0,0.0571428571428571,0.9,1
"All simulations",0.2,5,10,1196,1160.17304397719,1112,12,72,0,0,237,657,302,1196,0.970044351151496,0.929765886287625,0.0100334448160535,0.0602006688963211,0,0,0.929765886287625,0.198160535117057,0.54933110367893,0.252508361204013,0.9,1
"Additive only",0.3,5,10,108,104.575323911488,95,3,10,0,0,105,0,3,108,0.968290036217479,0.87962962962963,0.0277777777777778,0.0925925925925926,0,0,0.87962962962963,0.972222222222222,0,0.0277777777777778,0.9,1
"All simulations",0.3,5,10,3061,2999.86841008013,2876,12,173,0,0,704,1545,812,3061,0.980028882744244,0.939562234563868,0.0039202874877491,0.0565174779483829,0,0,0.939562234563868,0.229990199281281,0.504737014047697,0.265272786671023,0.9,1
"Additive only",0.4,5,10,168,164.830816318657,152,2,14,0,0,166,0,2,168,0.981135811420577,0.904761904761905,0.0119047619047619,0.0833333333333333,0,0,0.904761904761905,0.988095238095238,0,0.0119047619047619,0.9,1
"All simulations",0.4,5,10,4458,4394.28037962518,4240,24,194,0,0,1163,2053,1242,4458,0.98570668004154,0.951099147599821,0.0053835800807537,0.0435172723194258,0,0,0.951099147599821,0.260879318079856,0.46052041274114,0.278600269179004,0.9,1
