"file","replicate","seed","issue"
"additive_add2_rec0_dom0_n500_L10_pve0.4_seed1e+06_reps400_chunk1.RData",139,1000139,"The genetic signal has zero variance."
"additive_add2_rec0_dom0_n500_L10_pve0.2_seed1e+06_reps400_chunk1.RData",139,1000139,"The genetic signal has zero variance."
"additive_add2_rec0_dom0_n500_L10_pve0.1_seed1e+06_reps400_chunk1.RData",139,1000139,"The genetic signal has zero variance."
"additive_add2_rec0_dom0_n500_L10_pve0.3_seed1e+06_reps400_chunk1.RData",139,1000139,"The genetic signal has zero variance."
"dominant_add0_rec0_dom2_n500_L10_pve0.1_seed1e+06_reps400_chunk1.RData",139,1000139,"The genetic signal has zero variance."
"additive_dominant_add1_rec0_dom1_n500_L10_pve0.1_seed1e+06_reps400_chunk1.RData",139,1000139,"The genetic signal has zero variance."
"dominant_add0_rec0_dom2_n500_L10_pve0.2_seed1e+06_reps400_chunk1.RData",139,1000139,"The genetic signal has zero variance."
"dominant_add0_rec0_dom2_n500_L10_pve0.3_seed1e+06_reps400_chunk1.RData",139,1000139,"The genetic signal has zero variance."
"dominant_add0_rec0_dom2_n500_L10_pve0.4_seed1e+06_reps400_chunk1.RData",139,1000139,"The genetic signal has zero variance."
"additive_dominant_add1_rec0_dom1_n500_L10_pve0.3_seed1e+06_reps400_chunk1.RData",139,1000139,"The genetic signal has zero variance."
"additive_dominant_add1_rec0_dom1_n500_L10_pve0.4_seed1e+06_reps400_chunk1.RData",139,1000139,"The genetic signal has zero variance."
"additive_dominant_add1_rec0_dom1_n500_L10_pve0.2_seed1e+06_reps400_chunk1.RData",139,1000139,"The genetic signal has zero variance."
