"scenario","pve","K","method","n_cs","covered_cs","purity_sum","recovered","n_causal","n_replicates","n_configurations","coverage","purity","power"
"Additive + dominant",0.1,2,"SuSiE",490,457,409.628996568652,463,798,399,1,0.93265306122449,0.835977544017658,0.580200501253133
"Additive + dominant",0.1,2,"SuSiE-mix",492,466,401.45453196349,472,798,399,1,0.947154471544715,0.815964495860751,0.591478696741855
"Additive + dominant",0.1,3,"SuSiE",701,622,574.920249253504,644,2400,800,2,0.887303851640514,0.820143008920833,0.268333333333333
"Additive + dominant",0.1,3,"SuSiE-mix",652,600,517.720132004993,621,2400,800,2,0.920245398773006,0.794049282216247,0.25875
"Additive + dominant",0.1,4,"SuSiE",896,779,716.921692680007,827,4800,1200,3,0.869419642857143,0.800135817723223,0.172291666666667
"Additive + dominant",0.1,4,"SuSiE-mix",817,728,634.555404384595,774,4800,1200,3,0.891064871481028,0.776689601449932,0.16125
"Additive + dominant",0.1,5,"SuSiE",910,744,730.796811328519,834,8000,1600,4,0.817582417582418,0.803073419042328,0.10425
"Additive + dominant",0.1,5,"SuSiE-mix",760,663,603.003813514742,746,8000,1600,4,0.872368421052632,0.793426070414134,0.09325
"Additive + dominant",0.2,2,"SuSiE",770,732,713.568388253447,735,798,399,1,0.950649350649351,0.926712192536944,0.921052631578947
"Additive + dominant",0.2,2,"SuSiE-mix",781,755,714.251953196636,757,798,399,1,0.966709346991037,0.914535151340123,0.948621553884712
"Additive + dominant",0.2,3,"SuSiE",1899,1759,1683.13836222013,1776,2400,800,2,0.926276987888362,0.886328784739403,0.74
"Additive + dominant",0.2,3,"SuSiE-mix",1929,1837,1665.80487860139,1856,2400,800,2,0.952306894764126,0.863558775843123,0.773333333333333
"Additive + dominant",0.2,4,"SuSiE",2911,2640,2513.41834635735,2673,4800,1200,3,0.906904843696324,0.863420936570713,0.556875
"Additive + dominant",0.2,4,"SuSiE-mix",2972,2781,2494.66767414847,2817,4800,1200,3,0.935733512786003,0.839390199915365,0.586875
"Additive + dominant",0.2,5,"SuSiE",3587,3121,3060.30858907628,3218,8000,1600,4,0.87008642319487,0.853166598571586,0.40225
"Additive + dominant",0.2,5,"SuSiE-mix",3608,3267,2992.89385158721,3395,8000,1600,4,0.905487804878049,0.82951603425366,0.424375
"Additive + dominant",0.3,2,"SuSiE",784,740,753.771757952135,743,798,399,1,0.943877551020408,0.961443568816499,0.931077694235589
"Additive + dominant",0.3,2,"SuSiE-mix",792,768,759.875307077014,767,798,399,1,0.96969696969697,0.959438519036633,0.961152882205514
"Additive + dominant",0.3,3,"SuSiE",2205,2036,2056.24976915441,2050,2400,800,2,0.923356009070295,0.932539577847805,0.854166666666667
"Additive + dominant",0.3,3,"SuSiE-mix",2251,2140,2077.28044901637,2159,2400,800,2,0.950688582852066,0.922825610402651,0.899583333333333
"Additive + dominant",0.3,4,"SuSiE",4041,3733,3682.00584874068,3763,4800,1200,3,0.923781242266766,0.911162051160771,0.783958333333333
"Additive + dominant",0.3,4,"SuSiE-mix",4116,3868,3692.49316187199,3901,4800,1200,3,0.93974732750243,0.897107182184644,0.812708333333333
"Additive + dominant",0.3,5,"SuSiE",5776,5129,5171.46927826848,5199,8000,1600,4,0.887984764542936,0.895337478924599,0.649875
"Additive + dominant",0.3,5,"SuSiE-mix",6056,5544,5315.38047578887,5637,8000,1600,4,0.915455746367239,0.87770483417914,0.704625
"Additive + dominant",0.4,2,"SuSiE",798,751,780.775632249331,750,798,399,1,0.941102756892231,0.978415579259813,0.93984962406015
"Additive + dominant",0.4,2,"SuSiE-mix",799,772,780.961714698597,769,798,399,1,0.966207759699625,0.977423923277343,0.963659147869674
"Additive + dominant",0.4,3,"SuSiE",2290,2124,2204.64630408272,2135,2400,800,2,0.927510917030568,0.962727643704243,0.889583333333333
"Additive + dominant",0.4,3,"SuSiE-mix",2327,2213,2227.66584853881,2227,2400,800,2,0.951009883970778,0.957312354335544,0.927916666666667
"Additive + dominant",0.4,4,"SuSiE",4338,3992,4098.04821319682,4017,4800,1200,3,0.920239741816505,0.944686079575109,0.836875
"Additive + dominant",0.4,4,"SuSiE-mix",4443,4197,4171.35742877596,4225,4800,1200,3,0.944632005401756,0.938860551153716,0.880208333333333
"Additive + dominant",0.4,5,"SuSiE",6815,6062,6334.41415160309,6113,8000,1600,4,0.889508437270726,0.929481166779617,0.764125
"Additive + dominant",0.4,5,"SuSiE-mix",7028,6456,6481.20943130177,6514,8000,1600,4,0.918611269208879,0.922198268540377,0.81425
"Additive + recessive + dominant",0.1,3,"SuSiE",253,214,200.213393537553,222,1200,400,1,0.845849802371542,0.791357286709695,0.185
"Additive + recessive + dominant",0.1,3,"SuSiE-mix",309,279,248.750045106544,287,1200,400,1,0.902912621359223,0.805016327205644,0.239166666666667
"Additive + recessive + dominant",0.1,4,"SuSiE",601,532,477.294035959962,575,4800,1200,3,0.885191347753744,0.794166449184629,0.119791666666667
"Additive + recessive + dominant",0.1,4,"SuSiE-mix",753,696,592.943397299951,750,4800,1200,3,0.924302788844621,0.787441430677226,0.15625
"Additive + recessive + dominant",0.1,5,"SuSiE",962,788,743.95185374018,900,12000,2400,6,0.819126819126819,0.773338725301642,0.075
"Additive + recessive + dominant",0.1,5,"SuSiE-mix",1047,917,802.925664339824,1043,12000,2400,6,0.875835721107927,0.766882200897635,0.0869166666666667
"Additive + recessive + dominant",0.2,3,"SuSiE",711,634,612.96604942634,640,1200,400,1,0.891701828410689,0.862118212976568,0.533333333333333
"Additive + recessive + dominant",0.2,3,"SuSiE-mix",990,942,869.525053383336,952,1200,400,1,0.951515151515152,0.878308134730642,0.793333333333333
"Additive + recessive + dominant",0.2,4,"SuSiE",2042,1831,1729.93635146534,1879,4800,1200,3,0.896669931439765,0.847177449297422,0.391458333333333
"Additive + recessive + dominant",0.2,4,"SuSiE-mix",2969,2821,2531.17584933263,2858,4800,1200,3,0.9501515661839,0.852534809475457,0.595416666666667
"Additive + recessive + dominant",0.2,5,"SuSiE",3541,3050,2938.07446170556,3214,12000,2400,6,0.861338604913866,0.829730150156894,0.267833333333333
"Additive + recessive + dominant",0.2,5,"SuSiE-mix",5068,4646,4190.29730442197,4839,12000,2400,6,0.916732438831886,0.826814779878053,0.40325
"Additive + recessive + dominant",0.3,3,"SuSiE",966,872,873.390162784566,874,1200,400,1,0.902691511387164,0.904130603296653,0.728333333333333
"Additive + recessive + dominant",0.3,3,"SuSiE-mix",1157,1104,1082.70156168951,1108,1200,400,1,0.95419187554019,0.935783545107618,0.923333333333333
"Additive + recessive + dominant",0.3,4,"SuSiE",3213,2884,2852.49411660657,2920,4800,1200,3,0.89760348583878,0.887797733148635,0.608333333333333
"Additive + recessive + dominant",0.3,4,"SuSiE-mix",4289,4086,3900.78206973209,4118,4800,1200,3,0.952669619958032,0.909485210942431,0.857916666666667
"Additive + recessive + dominant",0.3,5,"SuSiE",6300,5518,5494.63356344863,5651,12000,2400,6,0.875873015873016,0.872164057690259,0.470916666666667
"Additive + recessive + dominant",0.3,5,"SuSiE-mix",9301,8667,8208.55184843248,8835,12000,2400,6,0.93183528652833,0.882545086381301,0.73625
"Additive + recessive + dominant",0.4,3,"SuSiE",1073,967,1002.22374197048,969,1200,400,1,0.90121155638397,0.934038902116009,0.8075
"Additive + recessive + dominant",0.4,3,"SuSiE-mix",1189,1136,1147.23300222056,1139,1200,400,1,0.95542472666106,0.964872163347818,0.949166666666667
"Additive + recessive + dominant",0.4,4,"SuSiE",3806,3395,3497.21083329923,3418,4800,1200,3,0.892012611665791,0.918867796452768,0.712083333333333
"Additive + recessive + dominant",0.4,4,"SuSiE-mix",4583,4351,4336.09803331797,4365,4800,1200,3,0.949378136591752,0.946126561928424,0.909375
"Additive + recessive + dominant",0.4,5,"SuSiE",8279,7225,7482.37999927278,7326,12000,2400,6,0.872689938398357,0.903778233998403,0.6105
"Additive + recessive + dominant",0.4,5,"SuSiE-mix",10889,10202,10116.1635368264,10305,12000,2400,6,0.936908807052989,0.929025946994803,0.85875
"Additive + recessive",0.1,2,"SuSiE",326,300,269.909061579652,303,800,400,1,0.920245398773006,0.827941906686049,0.37875
"Additive + recessive",0.1,2,"SuSiE-mix",479,456,399.05878704067,457,800,400,1,0.951983298538622,0.833108114907454,0.57125
"Additive + recessive",0.1,3,"SuSiE",483,418,385.394309849206,429,2400,800,2,0.865424430641822,0.797917825774753,0.17875
"Additive + recessive",0.1,3,"SuSiE-mix",636,590,508.682876471341,610,2400,800,2,0.927672955974843,0.799815843508398,0.254166666666667
"Additive + recessive",0.1,4,"SuSiE",559,490,441.565311988816,534,4800,1200,3,0.876565295169946,0.789920057225073,0.11125
"Additive + recessive",0.1,4,"SuSiE-mix",745,680,593.440205231873,732,4800,1200,3,0.912751677852349,0.796564033868286,0.1525
"Additive + recessive",0.1,5,"SuSiE",612,502,473.70606049902,570,8000,1600,4,0.820261437908497,0.774029510619314,0.07125
"Additive + recessive",0.1,5,"SuSiE-mix",696,597,538.250610631474,662,8000,1600,4,0.857758620689655,0.773348578493497,0.08275
"Additive + recessive",0.2,2,"SuSiE",602,560,542.753116803657,562,800,400,1,0.930232558139535,0.901583250504413,0.7025
"Additive + recessive",0.2,2,"SuSiE-mix",791,763,732.291104545449,762,800,400,1,0.964601769911504,0.925778893230656,0.9525
"Additive + recessive",0.2,3,"SuSiE",1264,1136,1096.56380038649,1152,2400,800,2,0.89873417721519,0.8675346522045,0.48
"Additive + recessive",0.2,3,"SuSiE-mix",1949,1865,1724.73641891146,1883,2400,800,2,0.956900974858902,0.884934027148007,0.784583333333333
"Additive + recessive",0.2,4,"SuSiE",1855,1655,1575.56058671042,1695,4800,1200,3,0.892183288409704,0.849358806851978,0.353125
"Additive + recessive",0.2,4,"SuSiE-mix",3007,2815,2587.68821807327,2859,4800,1200,3,0.936148985700033,0.860554778208604,0.595625
"Additive + recessive",0.2,5,"SuSiE",2202,1889,1842.08748216755,1980,8000,1600,4,0.857856494096276,0.836551990085171,0.2475
"Additive + recessive",0.2,5,"SuSiE-mix",3368,3112,2799.31490420423,3219,8000,1600,4,0.923990498812352,0.831150505998881,0.402375
"Additive + recessive",0.3,2,"SuSiE",721,675,669.504211506272,677,800,400,1,0.93619972260749,0.928577269772916,0.84625
"Additive + recessive",0.3,2,"SuSiE-mix",807,780,779.530751453081,775,800,400,1,0.966542750929368,0.96596127813269,0.96875
"Additive + recessive",0.3,3,"SuSiE",1763,1605,1585.13779601759,1618,2400,800,2,0.910380034032898,0.899113894507993,0.674166666666667
"Additive + recessive",0.3,3,"SuSiE-mix",2314,2232,2168.68331072487,2242,2400,800,2,0.964563526361279,0.937201085015071,0.934166666666667
"Additive + recessive",0.3,4,"SuSiE",2857,2573,2530.23585944087,2608,4800,1200,3,0.900595029751488,0.885626832145912,0.543333333333333
"Additive + recessive",0.3,4,"SuSiE-mix",4311,4106,3935.02987328634,4130,4800,1200,3,0.952447228021341,0.912788186798038,0.860416666666667
"Additive + recessive",0.3,5,"SuSiE",3854,3346,3356.77226968952,3424,8000,1600,4,0.868188894654904,0.870983982794374,0.428
"Additive + recessive",0.3,5,"SuSiE-mix",6146,5752,5438.27922752945,5850,8000,1600,4,0.935893263911487,0.884848556382924,0.73125
"Additive + recessive",0.4,2,"SuSiE",766,727,726.65476996275,729,800,400,1,0.949086161879896,0.948635469925261,0.91125
"Additive + recessive",0.4,2,"SuSiE-mix",808,788,794.010219049257,783,800,400,1,0.975247524752475,0.982685914664922,0.97875
"Additive + recessive",0.4,3,"SuSiE",2016,1821,1872.54541576063,1830,2400,800,2,0.90327380952381,0.928841972103488,0.7625
"Additive + recessive",0.4,3,"SuSiE-mix",2358,2268,2281.98864686772,2272,2400,800,2,0.961832061068702,0.967764481284018,0.946666666666667
"Additive + recessive",0.4,4,"SuSiE",3541,3201,3231.02682910495,3229,4800,1200,3,0.903981926009602,0.912461685711648,0.672708333333333
"Additive + recessive",0.4,4,"SuSiE-mix",4603,4352,4377.00498890841,4358,4800,1200,3,0.945470345426895,0.950902669760679,0.907916666666667
"Additive + recessive",0.4,5,"SuSiE",5072,4441,4565.51828540456,4500,8000,1600,4,0.875591482649842,0.90014161778481,0.5625
"Additive + recessive",0.4,5,"SuSiE-mix",7271,6836,6787.24814934676,6891,8000,1600,4,0.94017329115665,0.933468319261005,0.861375
"Additive only",0.1,1,"SuSiE",394,385,363.29277486657,385,400,400,1,0.977157360406091,0.922062880372004,0.9625
"Additive only",0.1,1,"SuSiE-mix",392,385,348.86190009838,385,400,400,1,0.982142857142857,0.889953826781582,0.9625
"Additive only",0.1,2,"SuSiE",540,502,460.543492371224,507,798,399,1,0.92962962962963,0.85285831920597,0.635338345864662
"Additive only",0.1,2,"SuSiE-mix",473,447,384.039939419138,453,798,399,1,0.945031712473573,0.811923761985493,0.567669172932331
"Additive only",0.1,3,"SuSiE",396,350,328.725279527121,362,1200,400,1,0.883838383838384,0.830114342240206,0.301666666666667
"Additive only",0.1,3,"SuSiE-mix",318,292,254.508886991921,303,1200,400,1,0.918238993710692,0.800342411924279,0.2525
"Additive only",0.1,4,"SuSiE",341,295,276.603984917603,310,1600,400,1,0.865102639296188,0.811155380990039,0.19375
"Additive only",0.1,4,"SuSiE-mix",258,230,198.9425398213,243,1600,400,1,0.891472868217054,0.771095115586434,0.151875
"Additive only",0.1,5,"SuSiE",262,213,213.818352274892,237,2000,400,1,0.812977099236641,0.816100581201879,0.1185
"Additive only",0.1,5,"SuSiE-mix",193,164,150.802687138968,182,2000,400,1,0.849740932642487,0.781361073258904,0.091
"Additive only",0.2,1,"SuSiE",401,386,389.722486423917,386,400,400,1,0.962593516209476,0.971876524747923,0.965
"Additive only",0.2,1,"SuSiE-mix",400,387,385.404925301251,387,400,400,1,0.9675,0.963512313253128,0.9675
"Additive only",0.2,2,"SuSiE",775,737,726.884116818559,740,798,399,1,0.950967741935484,0.937914989443302,0.927318295739348
"Additive only",0.2,2,"SuSiE-mix",770,732,700.915487324381,735,798,399,1,0.950649350649351,0.910279853668027,0.921052631578947
"Additive only",0.2,3,"SuSiE",993,924,887.129840727443,931,1200,400,1,0.930513595166163,0.89338352540528,0.775833333333333
"Additive only",0.2,3,"SuSiE-mix",950,888,817.994545031686,896,1200,400,1,0.934736842105263,0.861046889507037,0.746666666666667
"Additive only",0.2,4,"SuSiE",1043,951,910.258904975585,962,1600,400,1,0.911792905081496,0.87273145251734,0.60125
"Additive only",0.2,4,"SuSiE-mix",952,877,795.736544128536,891,1600,400,1,0.921218487394958,0.835857714420731,0.556875
"Additive only",0.2,5,"SuSiE",1026,894,879.335076056572,922,2000,400,1,0.871345029239766,0.857051731049291,0.461
"Additive only",0.2,5,"SuSiE-mix",884,783,730.770967851686,811,2000,400,1,0.885746606334842,0.82666399078245,0.4055
"Additive only",0.3,1,"SuSiE",401,387,395.342039001685,387,400,400,1,0.965087281795511,0.985890371575273,0.9675
"Additive only",0.3,1,"SuSiE-mix",400,387,393.962201802134,387,400,400,1,0.9675,0.984905504505334,0.9675
"Additive only",0.3,2,"SuSiE",788,749,762.92705645789,750,798,399,1,0.950507614213198,0.968181543728287,0.93984962406015
"Additive only",0.3,2,"SuSiE-mix",787,747,753.898898858262,750,798,399,1,0.949174078780178,0.957940151027017,0.93984962406015
"Additive only",0.3,3,"SuSiE",1120,1037,1055.78652248577,1043,1200,400,1,0.925892857142857,0.942666537933722,0.869166666666667
"Additive only",0.3,3,"SuSiE-mix",1106,1029,1018.78534479224,1035,1200,400,1,0.930379746835443,0.921144073049037,0.8625
"Additive only",0.3,4,"SuSiE",1384,1282,1278.27163376153,1292,1600,400,1,0.926300578034682,0.923606671793014,0.8075
"Additive only",0.3,4,"SuSiE-mix",1356,1261,1218.18828868268,1271,1600,400,1,0.929941002949852,0.898368944456253,0.794375
"Additive only",0.3,5,"SuSiE",1543,1379,1395.93086058342,1396,2000,400,1,0.893713545042126,0.904686234986014,0.698
"Additive only",0.3,5,"SuSiE-mix",1453,1304,1273.74493550385,1321,2000,400,1,0.897453544390915,0.876631063664039,0.6605
"Additive only",0.4,1,"SuSiE",401,385,397.694944153382,385,400,400,1,0.960099750623441,0.99175796546978,0.9625
"Additive only",0.4,1,"SuSiE-mix",400,385,396.806199243516,385,400,400,1,0.9625,0.99201549810879,0.9625
"Additive only",0.4,2,"SuSiE",799,750,784.130551634012,751,798,399,1,0.938673341677096,0.981389926951204,0.941102756892231
"Additive only",0.4,2,"SuSiE-mix",795,748,777.238527596665,750,798,399,1,0.940880503144654,0.977658525278823,0.93984962406015
"Additive only",0.4,3,"SuSiE",1157,1076,1120.78928500365,1081,1200,400,1,0.929991356957649,0.968702925672987,0.900833333333333
"Additive only",0.4,3,"SuSiE-mix",1152,1079,1105.39037798141,1084,1200,400,1,0.936631944444444,0.959540258664419,0.903333333333333
"Additive only",0.4,4,"SuSiE",1468,1368,1400.66007994654,1374,1600,400,1,0.931880108991826,0.954128119854594,0.85875
"Additive only",0.4,4,"SuSiE-mix",1455,1355,1365.4608658838,1363,1600,400,1,0.93127147766323,0.938461076208794,0.851875
"Additive only",0.4,5,"SuSiE",1754,1560,1647.61553386931,1570,2000,400,1,0.88939566704675,0.939347510757873,0.785
"Additive only",0.4,5,"SuSiE-mix",1710,1531,1576.35046558239,1545,2000,400,1,0.895321637426901,0.921842377533559,0.7725
"Dominant only",0.1,1,"SuSiE",381,369,343.088270911861,369,400,400,1,0.968503937007874,0.900494149374963,0.9225
"Dominant only",0.1,1,"SuSiE-mix",391,383,351.843460986394,383,400,400,1,0.979539641943734,0.899855398942184,0.9575
"Dominant only",0.1,2,"SuSiE",420,390,348.944637664015,394,798,399,1,0.928571428571429,0.830820565866703,0.493734335839599
"Dominant only",0.1,2,"SuSiE-mix",503,476,415.755339497487,480,798,399,1,0.946322067594433,0.826551370770353,0.601503759398496
"Dominant only",0.1,3,"SuSiE",312,272,253.098567397022,283,1200,400,1,0.871794871794872,0.811213357041737,0.235833333333333
"Dominant only",0.1,3,"SuSiE-mix",342,317,273.451236060665,327,1200,400,1,0.926900584795322,0.799565017721242,0.2725
"Dominant only",0.1,4,"SuSiE",250,219,199.515732301787,232,1600,400,1,0.876,0.798062929207147,0.145
"Dominant only",0.1,4,"SuSiE-mix",272,245,213.195591647155,260,1600,400,1,0.900735294117647,0.783807322232188,0.1625
"Dominant only",0.1,5,"SuSiE",188,155,150.305366678012,175,2000,400,1,0.824468085106383,0.799496631266023,0.0875
"Dominant only",0.1,5,"SuSiE-mix",191,170,149.891948623858,192,2000,400,1,0.890052356020942,0.784774600124912,0.096
"Dominant only",0.2,1,"SuSiE",400,382,385.795570997564,382,400,400,1,0.955,0.964488927493911,0.955
"Dominant only",0.2,1,"SuSiE-mix",400,389,387.194786268922,389,400,400,1,0.9725,0.967986965672305,0.9725
"Dominant only",0.2,2,"SuSiE",767,718,702.246292228091,721,798,399,1,0.936114732724902,0.915575348406898,0.903508771929825
"Dominant only",0.2,2,"SuSiE-mix",780,754,712.451696528963,757,798,399,1,0.966666666666667,0.913399610934567,0.948621553884712
"Dominant only",0.2,3,"SuSiE",894,824,784.312126327408,834,1200,400,1,0.921700223713647,0.877306629001575,0.695
"Dominant only",0.2,3,"SuSiE-mix",982,937,854.951985074906,946,1200,400,1,0.954175152749491,0.870623202723937,0.788333333333333
"Dominant only",0.2,4,"SuSiE",868,784,740.835415187424,795,1600,400,1,0.903225806451613,0.853497022105328,0.496875
"Dominant only",0.2,4,"SuSiE-mix",994,936,838.823034723375,947,1600,400,1,0.941649899396378,0.843886352840418,0.591875
"Dominant only",0.2,5,"SuSiE",794,692,673.257464066491,715,2000,400,1,0.871536523929471,0.847931314945203,0.3575
"Dominant only",0.2,5,"SuSiE-mix",910,828,754.104463978508,862,2000,400,1,0.90989010989011,0.828686224152207,0.431
"Dominant only",0.3,1,"SuSiE",401,381,393.474427088359,381,400,400,1,0.950124688279302,0.981232985257753,0.9525
"Dominant only",0.3,1,"SuSiE-mix",400,385,394.200962169116,385,400,400,1,0.9625,0.985502405422789,0.9625
"Dominant only",0.3,2,"SuSiE",786,728,751.688899162668,731,798,399,1,0.926208651399491,0.956347199952503,0.916040100250627
"Dominant only",0.3,2,"SuSiE-mix",790,762,758.852806242954,764,798,399,1,0.964556962025316,0.960573172459435,0.957393483709273
"Dominant only",0.3,3,"SuSiE",1076,990,992.615727562168,997,1200,400,1,0.920074349442379,0.922505323013167,0.830833333333333
"Dominant only",0.3,3,"SuSiE-mix",1123,1085,1043.28973032514,1091,1200,400,1,0.966162065894924,0.929020240716958,0.909166666666667
"Dominant only",0.3,4,"SuSiE",1299,1199,1171.79797028957,1209,1600,400,1,0.923017705927637,0.9020769594223,0.755625
"Dominant only",0.3,4,"SuSiE-mix",1397,1334,1258.91390960222,1342,1600,400,1,0.954903364352183,0.901155268147616,0.83875
"Dominant only",0.3,5,"SuSiE",1361,1206,1204.54710493259,1226,2000,400,1,0.886113152094049,0.885045631838787,0.613
"Dominant only",0.3,5,"SuSiE-mix",1528,1411,1343.59597475742,1436,2000,400,1,0.923429319371728,0.879316737406686,0.718
"Dominant only",0.4,1,"SuSiE",403,377,398.096454957325,377,400,400,1,0.935483870967742,0.987832394435048,0.9425
"Dominant only",0.4,1,"SuSiE-mix",400,390,397.183799791211,390,400,400,1,0.975,0.992959499478027,0.975
"Dominant only",0.4,2,"SuSiE",796,733,772.531117271956,734,798,399,1,0.920854271356784,0.970516478984869,0.919799498746867
"Dominant only",0.4,2,"SuSiE-mix",798,769,780.024836564419,766,798,399,1,0.963659147869674,0.977474732536866,0.959899749373434
"Dominant only",0.4,3,"SuSiE",1136,1041,1082.13140912565,1049,1200,400,1,0.91637323943662,0.95258046577962,0.874166666666667
"Dominant only",0.4,3,"SuSiE-mix",1158,1123,1111.94863325349,1128,1200,400,1,0.969775474956822,0.960231980357075,0.94
"Dominant only",0.4,4,"SuSiE",1427,1315,1334.29686876849,1324,1600,400,1,0.921513665031535,0.935036348120879,0.8275
"Dominant only",0.4,4,"SuSiE-mix",1480,1419,1394.03445419951,1423,1600,400,1,0.958783783783784,0.941915171756423,0.889375
"Dominant only",0.4,5,"SuSiE",1667,1486,1530.05118713326,1502,2000,400,1,0.891421715656869,0.917847142851386,0.751
"Dominant only",0.4,5,"SuSiE-mix",1775,1654,1638.47123431683,1670,2000,400,1,0.931830985915493,0.923082385530611,0.835
"Recessive + dominant",0.1,2,"SuSiE",236,221,187.328239234075,225,800,400,1,0.936440677966102,0.793763725568114,0.28125
"Recessive + dominant",0.1,2,"SuSiE-mix",467,451,389.741843177549,453,800,400,1,0.965738758029979,0.83456497468426,0.56625
"Recessive + dominant",0.1,3,"SuSiE",328,268,261.38034934571,283,2400,800,2,0.817073170731707,0.796891308980824,0.117916666666667
"Recessive + dominant",0.1,3,"SuSiE-mix",647,596,530.533725547664,615,2400,800,2,0.921174652241113,0.819990302237503,0.25625
"Recessive + dominant",0.1,4,"SuSiE",422,365,336.662730672771,406,4800,1200,3,0.864928909952607,0.797778982636898,0.0845833333333333
"Recessive + dominant",0.1,4,"SuSiE-mix",770,712,617.413888178495,764,4800,1200,3,0.924675324675325,0.80183621841363,0.159166666666667
"Recessive + dominant",0.1,5,"SuSiE",460,377,350.407690268212,448,8000,1600,4,0.819565217391304,0.761755848409156,0.056
"Recessive + dominant",0.1,5,"SuSiE-mix",719,652,555.461924744411,737,8000,1600,4,0.906815020862309,0.77254787864313,0.092125
"Recessive + dominant",0.2,2,"SuSiE",598,563,521.500906511053,564,800,400,1,0.941471571906355,0.872075094500089,0.705
"Recessive + dominant",0.2,2,"SuSiE-mix",790,774,734.138072802827,773,800,400,1,0.979746835443038,0.929288699750414,0.96625
"Recessive + dominant",0.2,3,"SuSiE",1158,1016,975.730788867685,1028,2400,800,2,0.877374784110535,0.842599990386602,0.428333333333333
"Recessive + dominant",0.2,3,"SuSiE-mix",2005,1920,1776.65042022697,1935,2400,800,2,0.957605985037406,0.886109935275298,0.80625
"Recessive + dominant",0.2,4,"SuSiE",1615,1407,1352.89947802592,1452,4800,1200,3,0.871207430340557,0.837708655124411,0.3025
"Recessive + dominant",0.2,4,"SuSiE-mix",3098,2962,2675.23127940965,3000,4800,1200,3,0.956100710135571,0.863534951391107,0.625
"Recessive + dominant",0.2,5,"SuSiE",1841,1583,1501.07788930549,1686,8000,1600,4,0.859858772406301,0.815360070236552,0.21075
"Recessive + dominant",0.2,5,"SuSiE-mix",3448,3198,2882.44659461334,3324,8000,1600,4,0.927494199535963,0.835976390549113,0.4155
"Recessive + dominant",0.3,2,"SuSiE",701,658,650.743175144169,659,800,400,1,0.938659058487874,0.928306954556589,0.82375
"Recessive + dominant",0.3,2,"SuSiE-mix",801,784,776.026593438503,781,800,400,1,0.978776529338327,0.968822214030591,0.97625
"Recessive + dominant",0.3,3,"SuSiE",1709,1523,1515.75581318348,1532,2400,800,2,0.891164423639555,0.886925578223219,0.638333333333333
"Recessive + dominant",0.3,3,"SuSiE-mix",2330,2240,2187.61166561646,2248,2400,800,2,0.96137339055794,0.938889126874019,0.936666666666667
"Recessive + dominant",0.3,4,"SuSiE",2655,2324,2314.21934277066,2369,4800,1200,3,0.875329566854991,0.871645703491773,0.493541666666667
"Recessive + dominant",0.3,4,"SuSiE-mix",4330,4170,3965.16296345399,4196,4800,1200,3,0.963048498845266,0.915742023892376,0.874166666666667
"Recessive + dominant",0.3,5,"SuSiE",3407,2977,2918.6427756992,3076,8000,1600,4,0.873789257411212,0.856660632726504,0.3845
"Recessive + dominant",0.3,5,"SuSiE-mix",6409,6045,5721.2871193321,6152,8000,1600,4,0.943204868154158,0.892695758984568,0.769
"Recessive + dominant",0.4,2,"SuSiE",762,702,720.642601066948,703,800,400,1,0.921259842519685,0.945725198250588,0.87875
"Recessive + dominant",0.4,2,"SuSiE-mix",803,786,790.577949148351,784,800,400,1,0.978829389788294,0.98453044725822,0.98
"Recessive + dominant",0.4,3,"SuSiE",2025,1798,1854.38752275512,1802,2400,800,2,0.887901234567901,0.915746924817342,0.750833333333333
"Recessive + dominant",0.4,3,"SuSiE-mix",2361,2284,2283.21511939829,2287,2400,800,2,0.967386700550614,0.967054264887035,0.952916666666667
"Recessive + dominant",0.4,4,"SuSiE",3390,2969,3052.63983067123,3000,4800,1200,3,0.875811209439528,0.90048372586172,0.625
"Recessive + dominant",0.4,4,"SuSiE-mix",4585,4427,4367.74631957207,4443,4800,1200,3,0.965539803707743,0.952616427387584,0.925625
"Recessive + dominant",0.4,5,"SuSiE",4702,4087,4167.88002044791,4174,8000,1600,4,0.869204593789877,0.886405789121205,0.52175
"Recessive + dominant",0.4,5,"SuSiE-mix",7346,6966,6882.47715368323,7027,8000,1600,4,0.948271167982576,0.936901327754319,0.878375
"Recessive only",0.1,1,"SuSiE",219,209,183.618221564305,209,400,400,1,0.954337899543379,0.838439367873538,0.5225
"Recessive only",0.1,1,"SuSiE-mix",395,385,367.393018008022,385,400,400,1,0.974683544303797,0.930108906349423,0.9625
"Recessive only",0.1,2,"SuSiE",113,101,85.9547794065177,101,800,400,1,0.893805309734513,0.760661764659449,0.12625
"Recessive only",0.1,2,"SuSiE-mix",455,436,395.646261932904,439,800,400,1,0.958241758241758,0.86955222402836,0.54875
"Recessive only",0.1,3,"SuSiE",80,62,61.6178351468898,66,1200,400,1,0.775,0.770222939336122,0.055
"Recessive only",0.1,3,"SuSiE-mix",320,301,267.852224057931,310,1200,400,1,0.940625,0.837038200181035,0.258333333333333
"Recessive only",0.1,4,"SuSiE",57,45,43.6360717874555,53,1600,400,1,0.789473684210526,0.765545119078167,0.033125
"Recessive only",0.1,4,"SuSiE-mix",265,243,218.631722591757,263,1600,400,1,0.916981132075472,0.825025368270783,0.164375
"Recessive only",0.1,5,"SuSiE",51,41,37.8865902257825,49,2000,400,1,0.803921568627451,0.742874318152597,0.0245
"Recessive only",0.1,5,"SuSiE-mix",181,160,145.957637352998,184,2000,400,1,0.883977900552486,0.806395786480652,0.092
"Recessive only",0.2,1,"SuSiE",359,336,322.920078054595,336,400,400,1,0.935933147632312,0.899498824664609,0.84
"Recessive only",0.2,1,"SuSiE-mix",400,396,391.792306497219,396,400,400,1,0.99,0.979480766243048,0.99
"Recessive only",0.2,2,"SuSiE",408,371,344.231541531241,374,800,400,1,0.909313725490196,0.843704758655002,0.4675
"Recessive only",0.2,2,"SuSiE-mix",775,755,732.011236027749,757,800,400,1,0.974193548387097,0.944530627132579,0.94625
"Recessive only",0.2,3,"SuSiE",300,249,246.087121782943,254,1200,400,1,0.83,0.820290405943143,0.211666666666667
"Recessive only",0.2,3,"SuSiE-mix",974,940,887.2218710414,950,1200,400,1,0.965092402464066,0.910905411746818,0.791666666666667
"Recessive only",0.2,4,"SuSiE",250,213,203.191790817535,223,1600,400,1,0.852,0.812767163270138,0.139375
"Recessive only",0.2,4,"SuSiE-mix",1024,985,905.566096292323,1002,1600,400,1,0.9619140625,0.884341890910471,0.62625
"Recessive only",0.2,5,"SuSiE",222,177,175.660378939238,194,2000,400,1,0.797297297297297,0.791262968194766,0.097
"Recessive only",0.2,5,"SuSiE-mix",859,806,734.594271111757,841,2000,400,1,0.938300349243306,0.855173773121953,0.4205
"Recessive only",0.3,1,"SuSiE",394,366,368.897469954513,366,400,400,1,0.928934010152284,0.93628799480841,0.915
"Recessive only",0.3,1,"SuSiE-mix",400,397,396.594863455017,397,400,400,1,0.9925,0.991487158637543,0.9925
"Recessive only",0.3,2,"SuSiE",617,563,547.589225275796,564,800,400,1,0.912479740680713,0.887502796233056,0.705
"Recessive only",0.3,2,"SuSiE-mix",791,773,772.26414028117,774,800,400,1,0.97724399494311,0.976313704527396,0.9675
"Recessive only",0.3,3,"SuSiE",581,508,490.371816956647,512,1200,400,1,0.874354561101549,0.844013454314367,0.426666666666667
"Recessive only",0.3,3,"SuSiE-mix",1145,1112,1091.0921045972,1120,1200,400,1,0.97117903930131,0.952918868643846,0.933333333333333
"Recessive only",0.3,4,"SuSiE",537,465,450.042264222627,479,1600,400,1,0.865921787709497,0.838067531140832,0.299375
"Recessive only",0.3,4,"SuSiE-mix",1433,1397,1340.0224311828,1412,1600,400,1,0.974877878576413,0.93511683962512,0.8825
"Recessive only",0.3,5,"SuSiE",443,374,367.112671906604,397,2000,400,1,0.844243792325056,0.828696776312876,0.1985
"Recessive only",0.3,5,"SuSiE-mix",1560,1489,1420.17145419463,1518,2000,400,1,0.95448717948718,0.91036631679143,0.759
"Recessive only",0.4,1,"SuSiE",409,374,390.23085408038,374,400,400,1,0.914425427872861,0.954109667678192,0.935
"Recessive only",0.4,1,"SuSiE-mix",400,398,398.538875594377,398,400,400,1,0.995,0.996347188985943,0.995
"Recessive only",0.4,2,"SuSiE",704,630,645.867808575277,631,800,400,1,0.894886363636364,0.917425864453519,0.78875
"Recessive only",0.4,2,"SuSiE-mix",798,782,788.732523391336,782,800,400,1,0.979949874686717,0.988386620791147,0.9775
"Recessive only",0.4,3,"SuSiE",816,715,715.658022926907,717,1200,400,1,0.876225490196078,0.877031890841798,0.5975
"Recessive only",0.4,3,"SuSiE-mix",1158,1131,1130.53510081105,1136,1200,400,1,0.976683937823834,0.976282470475868,0.946666666666667
"Recessive only",0.4,4,"SuSiE",797,692,687.913252044582,701,1600,400,1,0.868255959849435,0.863128296166351,0.438125
"Recessive only",0.4,4,"SuSiE-mix",1508,1477,1456.1904035411,1491,1600,400,1,0.979442970822281,0.96564350367447,0.931875
"Recessive only",0.4,5,"SuSiE",717,603,608.022304764495,624,2000,400,1,0.841004184100418,0.84800879325592,0.312
"Recessive only",0.4,5,"SuSiE-mix",1813,1742,1725.65343189402,1764,2000,400,1,0.960838389409818,0.951822080471052,0.882
