gene,tissue,status,message,n_cs,cs_number,cs_name,component_index,lead_predictor_index,lead_predictor,lead_snp,lead_coding,lead_pip,cs_size,n_genotype_0,n_genotype_1,n_genotype_2,output_file
ABCA1,Blood Vessel,no_cs,fit_mix reported zero credible sets,0,,,,,,,,,,,,,
RIN3,Blood Vessel,no_cs,fit_mix reported zero credible sets,0,,,,,,,,,,,,,
ECHDC3,Blood Vessel,plotted,Unadjusted normalized expression,1,1,L1,1,1359,chr10_11797031_T_A_b38_T__additive,chr10_11797031_T_A_b38_T,additive,0.953641264414689,1,179,183,88,/project2/mstephens/wdenault/susie_mix/plot/blood_vessel/ECHDC3_Blood_Vessel_fit_mix_CS01_additive.png
GRN,Blood Vessel,no_cs,fit_mix reported zero credible sets,0,,,,,,,,,,,,,
IDUA,Blood Vessel,no_cs,fit_mix reported zero credible sets,0,,,,,,,,,,,,,
FAM193B,Blood Vessel,no_cs,fit_mix reported zero credible sets,0,,,,,,,,,,,,,
USP6NL,Blood Vessel,no_cs,fit_mix reported zero credible sets,0,,,,,,,,,,,,,
CLU,Blood Vessel,plotted,Unadjusted normalized expression,1,1,L1,1,1390,chr8_27723991_C_G_b38_C__additive,chr8_27723991_C_G_b38_C,additive,0.146424693641577,440,146,236,68,/project2/mstephens/wdenault/susie_mix/plot/blood_vessel/CLU_Blood_Vessel_fit_mix_CS01_additive.png
ICA1,Blood Vessel,no_cs,fit_mix reported zero credible sets,0,,,,,,,,,,,,,
PLEKHA1,Blood Vessel,plotted,Unadjusted normalized expression,1,1,L1,1,1473,chr10_122368474_T_C_b38_T__additive,chr10_122368474_T_C_b38_T,additive,0.0863167413768704,96,150,209,91,/project2/mstephens/wdenault/susie_mix/plot/blood_vessel/PLEKHA1_Blood_Vessel_fit_mix_CS01_additive.png
VMAC,Blood Vessel,no_cs,fit_mix reported zero credible sets,0,,,,,,,,,,,,,
MAF,Blood Vessel,no_cs,fit_mix reported zero credible sets,0,,,,,,,,,,,,,
KAT8,Blood Vessel,plotted,Unadjusted normalized expression,1,1,L1,1,400,chr16_31137821_A_G_b38_A__additive,chr16_31137821_A_G_b38_A,additive,0.231178922065785,67,190,207,53,/project2/mstephens/wdenault/susie_mix/plot/blood_vessel/KAT8_Blood_Vessel_fit_mix_CS01_additive.png
ABCA7,Blood Vessel,no_cs,fit_mix reported zero credible sets,0,,,,,,,,,,,,,
CD33,Blood Vessel,no_cs,fit_mix reported zero credible sets,0,,,,,,,,,,,,,
ADAM10,Blood Vessel,plotted,Unadjusted normalized expression,1,1,L1,1,1234,chr15_58690650_A_C_b38_A__additive,chr15_58690650_A_C_b38_A,additive,0.050508741628277,392,314,121,15,/project2/mstephens/wdenault/susie_mix/plot/blood_vessel/ADAM10_Blood_Vessel_fit_mix_CS01_additive.png
REXO1,Blood Vessel,no_cs,fit_mix reported zero credible sets,0,,,,,,,,,,,,,
